"VENDER","CONTROLLOTNUMBER","ASSAY","SUBLOT","VA_VERSION","ASSAYTYPE","BODYFLUID","GEN_EXPIRY","QC_EXPIRATION","MEAN_CONC","LEVEL","CONCCONVUNIT","GEN_INTRO","VA_NUMBER","LOWER_LIMIT","UPPER_LIMIT","STDEV_CONC"
"Ortho","A7318","%A1c","21",1,"MT","Blood","07/10/2021","03/04/2021",0,2,"%","01/13/2020",44,9.78,11.4,0.242
"Ortho","A7318","HbA1c","21",1,"MT","Blood","07/10/2021","03/04/2021",0,2,"mmol/mol","01/13/2020",44,83.3,101.1,2.65
"Ortho","R6592","%A1c","21",1,"MT","Blood","07/10/2021","04/16/2020",0,1,"%","01/13/2020",44,5.36,6.42,0.151
"Ortho","R6592","HbA1c","21",1,"MT","Blood","07/10/2021","04/16/2020",0,1,"mmol/mol","01/13/2020",44,35,46.6,1.65
"Ortho","T6593","%A1c","21",1,"MT","Blood","07/10/2021","04/16/2020",0,2,"%","01/13/2020",44,9.66,11.28,0.242
"Ortho","T6593","HbA1c","21",1,"MT","Blood","07/10/2021","04/16/2020",0,2,"mmol/mol","01/13/2020",44,82.1,99.9,2.65
"Ortho","U6850","%A1c","21",1,"MT","Blood","07/10/2021","10/04/2020",0,1,"%","01/13/2020",44,5.8,6.86,0.151
"Ortho","U6850","HbA1c","21",1,"MT","Blood","07/10/2021","10/04/2020",0,1,"mmol/mol","01/13/2020",44,39.9,51.5,1.65
"Ortho","V6851","%A1c","21",1,"MT","Blood","07/10/2021","10/08/2020",0,2,"%","01/13/2020",44,9.6,11.22,0.242
"Ortho","V6851","HbA1c","21",1,"MT","Blood","07/10/2021","10/08/2020",0,2,"mmol/mol","01/13/2020",44,81.4,99.2,2.65
"Ortho","W7300","%A1c","21",1,"MT","Blood","07/10/2021","10/04/2020",0,1,"%","01/13/2020",44,5.76,6.82,0.151
"Ortho","W7300","HbA1c","21",1,"MT","Blood","07/10/2021","10/04/2020",0,1,"mmol/mol","01/13/2020",44,39.4,51,1.65
"Ortho","X7301","%A1c","21",1,"MT","Blood","07/10/2021","10/08/2020",0,2,"%","01/13/2020",44,9.62,11.24,0.242
"Ortho","X7301","HbA1c","21",1,"MT","Blood","07/10/2021","10/08/2020",0,2,"mmol/mol","01/13/2020",44,81.6,99.4,2.65
"Ortho","Y7317","%A1c","21",1,"MT","Blood","07/10/2021","02/28/2021",0,1,"%","01/13/2020",44,5.33,6.39,0.151
"Ortho","Y7317","HbA1c","21",1,"MT","Blood","07/10/2021","02/28/2021",0,1,"mmol/mol","01/13/2020",44,34.8,46.4,1.65
"Ortho","F6495","Na+","26",2,"MS","Urine","12/30/2020","04/01/2020",0,1,"mmol/L","01/13/2020",44,17.4,33.4,1
"Ortho","G6496","Na+","26",2,"MS","Urine","12/30/2020","04/01/2020",0,2,"mmol/L","01/13/2020",44,40.2,59.2,1.88
"Ortho","H6666","Na+","26",2,"MS","Urine","12/30/2020","09/04/2020",0,1,"mmol/L","01/13/2020",44,17.6,33.6,1
"Ortho","J6667","Na+","26",2,"MS","Urine","12/30/2020","09/04/2020",0,2,"mmol/L","01/13/2020",44,41.5,60.5,1.88
"Ortho","K7186","Na+","26",2,"MS","Urine","12/30/2020","04/26/2021",0,1,"mmol/L","01/13/2020",44,18.5,34.5,1
"Ortho","L7187","Na+","26",2,"MS","Urine","12/30/2020","04/26/2021",0,2,"mmol/L","01/13/2020",44,40.3,59.3,1.88
"Ortho","B6272","ALT","5",1,"MS","Serum","","01/31/2020",0,1,"U/L","02/11/2008",44,23,43,2.7
"Ortho","B6272","Ca","39",2,"MS","Serum","06/01/2021","01/31/2020",0,1,"mg/dL","07/29/2004",44,8.18,9.2,0.22
"Ortho","B6272","dHDL","25",1,"MS","Serum","","01/31/2020",0,1,"mg/dL","07/09/2010",44,46.9,56.3,1.56
"Ortho","C6274","ALT","5",1,"MS","Serum","","01/31/2020",0,2,"U/L","02/11/2008",44,168,204,5
"Ortho","D4564","GLU","6",1,"MS","CSF","02/01/2021","08/01/2021",0,2,"","02/14/2019",1,0,0,0
"Ortho","C6274","Ca","39",2,"MS","Serum","06/01/2021","01/31/2020",0,2,"mg/dL","07/29/2004",44,11.29,12.37,0.26
"Ortho","C4563","GLU","6",1,"MS","CSF","02/01/2021","08/01/2021",0,1,"","02/14/2019",1,0,0,0
"Ortho","C4563","GLU","11-XT",1,"MS","CSF","02/01/2021","08/01/2021",0,1,"","02/14/2019",1,0,0,0
"Ortho","D4564","GLU","11-XT",1,"MS","CSF","02/01/2021","08/01/2021",0,2,"","02/14/2019",1,0,0,0
"Ortho","B7319","%A1c","21",1,"MT","Blood","07/11/2021","03/05/2021",0,2,"","02/14/2019",13,0,0,0
"Ortho","P7690","ALTV","2",1,"MS","Serum","07/01/2021","12/30/2022",0,1,"","01/06/2009",127,12,24,6
"Ortho","Q7692","ALTV","2",1,"MS","Serum","07/01/2021","12/30/2022",0,2,"","01/06/2009",127,50,60,15
"Ortho","A6493","CKMB","48",1,"MS","Serum","07/01/2021","12/30/2022",0,2,"","01/06/2009",127,17,20,11
"Ortho","B6668","CKMB","48",1,"MS","Serum","07/01/2021","12/30/2022",0,1,"","01/06/2009",127,3,9,3
"Ortho","G6888","HCY2","7",1,"MT","Serum","10/24/2020","12/21/2019",0,1,"µmol/L","11/26/2019",45,6.1,8.1,0.26
"Ortho","H6889","HCY2","7",1,"MT","Serum","10/24/2020","12/21/2019",0,2,"µmol/L","11/26/2019",45,11.9,14.1,0.31
"Ortho","J6890","HCY2","7",1,"MT","Serum","10/24/2020","12/21/2019",0,3,"µmol/L","11/26/2019",45,25.1,28.1,0.44
"Ortho","K7099","HCY2","7",1,"MT","Serum","10/24/2020","04/08/2020",0,1,"µmol/L","11/26/2019",45,6.2,8.2,0.26
"Ortho","L7100","HCY2","7",1,"MT","Serum","10/24/2020","04/08/2020",0,2,"µmol/L","11/26/2019",45,12,14.2,0.31
"Ortho","M7101","HCY2","7",1,"MT","Serum","10/24/2020","04/08/2020",0,3,"µmol/L","11/26/2019",45,25.4,28.4,0.44
"Ortho","V7616","HCY2","7",1,"MT","Serum","10/24/2020","01/01/2021",0,1,"µmol/L","11/26/2019",45,6,8,0.26
"Ortho","W7617","HCY2","7",1,"MT","Serum","10/24/2020","01/01/2021",0,2,"µmol/L","11/26/2019",45,11.6,13.8,0.31
"Ortho","C6274","dHDL","25",1,"MS","Serum","","01/31/2020",0,2,"mg/dL","07/09/2010",44,57.6,71.2,2.35
"Ortho","D6497","ALT","5",1,"MS","Serum","","05/14/2020",0,1,"U/L","02/11/2008",44,30,50,2.7
"Ortho","D6497","Ca","39",2,"MS","Serum","06/01/2021","05/14/2020",0,1,"mg/dL","07/29/2004",44,7.94,8.96,0.22
"Ortho","D6497","dHDL","25",1,"MS","Serum","","05/14/2020",0,1,"mg/dL","07/09/2010",44,40.5,49.9,1.56
"Ortho","E6499","ALT","5",1,"MS","Serum","","05/14/2020",0,2,"U/L","02/11/2008",44,152,188,5
"Ortho","E6499","Ca","39",2,"MS","Serum","06/01/2021","05/14/2020",0,2,"mg/dL","07/29/2004",44,11.13,12.21,0.26
"Ortho","E6499","dHDL","25",1,"MS","Serum","","05/14/2020",0,2,"mg/dL","07/09/2010",44,59.2,72.8,2.35
"Ortho","F6662","ALT","5",1,"MS","Serum","","08/15/2020",0,1,"U/L","02/11/2008",44,28,48,2.7
"Ortho","F6662","Ca","39",2,"MS","Serum","06/01/2021","08/15/2020",0,1,"mg/dL","07/29/2004",44,7.86,8.88,0.22
"Ortho","F6662","dHDL","25",1,"MS","Serum","","08/15/2020",0,1,"mg/dL","07/09/2010",44,41.1,50.5,1.56
"Ortho","G6664","ALT","5",1,"MS","Serum","","08/15/2020",0,2,"U/L","02/11/2008",44,173,209,5
"Ortho","G6664","Ca","39",2,"MS","Serum","06/01/2021","08/15/2020",0,2,"mg/dL","07/29/2004",44,11.16,12.24,0.26
"Ortho","G6664","dHDL","25",1,"MS","Serum","","08/15/2020",0,2,"mg/dL","07/09/2010",44,61.8,75.4,2.35
"Ortho","Q7692","dHDL","25",1,"MS","Serum","","11/01/2021",0,2,"mg/dL","07/09/2010",44,55.3,68.9,2.35
"Ortho","H6976","ALT","5",1,"MS","Serum","","01/15/2021",0,1,"U/L","02/11/2008",44,29,49,2.7
"Ortho","H6976","Ca","39",2,"MS","Serum","06/01/2021","01/15/2021",0,1,"mg/dL","07/29/2004",44,7.86,8.88,0.22
"Ortho","H6976","dHDL","25",1,"MS","Serum","","01/15/2021",0,1,"mg/dL","07/09/2010",44,42.5,51.9,1.56
"Ortho","J6978","ALT","5",1,"MS","Serum","","01/15/2021",0,2,"U/L","02/11/2008",44,168,204,5
"Ortho","J6978","Ca","39",2,"MS","Serum","06/01/2021","01/15/2021",0,2,"mg/dL","07/29/2004",44,11.08,12.16,0.26
"Ortho","J6978","dHDL","25",1,"MS","Serum","","01/15/2021",0,2,"mg/dL","07/09/2010",44,56.2,69.8,2.35
"Ortho","L7425","ALT","5",1,"MS","Serum","","08/15/2021",0,2,"U/L","02/11/2008",44,160,196,5
"Ortho","G7493","mALB","24",1,"MT","Serum","12/15/2020","10/08/2022",0,1,"mg/dL","02/14/2019",1,0,0,0
"Ortho","X7618","HCY2","7",1,"MT","Serum","10/24/2020","01/01/2021",0,3,"µmol/L","11/26/2019",45,24.7,27.7,0.44
"Ortho","W7532","ASO","24",1,"MT","Serum","","03/11/2021",0,1,"IU/mL","03/12/2018",45,146,178,5.4
"Ortho","W7532","ASO","25",1,"MT","Serum","04/23/2020","03/11/2021",0,1,"IU/mL","06/21/2019",45,156,188,5.4
"Ortho","W7532","ASO","26",1,"MT","Serum","07/29/2020","03/11/2021",0,1,"IU/mL","09/13/2019",45,141,173,5.4
"Ortho","W7532","ASO","27",1,"MT","Serum","10/15/2020","03/11/2021",0,1,"IU/mL","11/26/2019",45,144,176,5.4
"Ortho","W7532","RF","9",1,"MT","Serum","","03/11/2021",0,1,"IU/mL","02/05/2016",45,13.1,21.3,1.24
"Ortho","X7533","ASO","24",1,"MT","Serum","","03/11/2021",0,2,"IU/mL","03/12/2018",45,294,352,8.1
"Ortho","X7533","ASO","25",1,"MT","Serum","04/23/2020","03/11/2021",0,2,"IU/mL","06/21/2019",45,301,359,8.1
"Ortho","L7425","Ca","39",1,"MS","Serum","06/01/2021","08/15/2021",0,2,"mg/dL","07/29/2004",44,11.5,12.58,0.26
"Ortho","X7533","ASO","26",1,"MT","Serum","07/29/2020","03/11/2021",0,2,"IU/mL","09/13/2019",45,286,344,8.1
"Ortho","X7533","ASO","27",1,"MT","Serum","10/15/2020","03/11/2021",0,2,"IU/mL","11/26/2019",45,294,352,8.1
"Ortho","X7533","RF","9",1,"MT","Serum","","03/11/2021",0,2,"IU/mL","02/05/2016",45,26.8,35.8,1.4
"Ortho","A7395","BENZ","45",1,"MT","Urine","09/06/2020","01/03/2021",0,4,"ng/mL","08/19/2019",45,350,479,24.93
"Ortho","B7780","AMPH","7",1,"MT","Urine","10/03/2020","05/26/2021",0,1,"ng/mL","05/06/2016",45,302,457,18
"Ortho","B7780","BARB","3",1,"MT","Urine","","05/26/2021",0,1,"ng/mL","02/06/2014",45,116,184,5.77
"Ortho","B7780","BARB","4",1,"MT","Urine","02/04/2021","05/26/2021",0,1,"ng/mL","02/22/2019",45,116,184,5.77
"Ortho","L7425","dHDL","25",1,"MS","Serum","","08/15/2021",0,2,"mg/dL","07/09/2010",44,64.3,77.9,2.35
"Ortho","N7648","ALT","5",1,"MS","Serum","","08/15/2021",0,1,"U/L","02/11/2008",44,29,49,2.7
"Ortho","N7648","Ca","39",1,"MS","Serum","06/01/2021","08/15/2021",0,1,"mg/dL","07/29/2004",44,7.99,9.01,0.22
"Ortho","N7648","dHDL","25",1,"MS","Serum","","08/15/2021",0,1,"mg/dL","07/09/2010",44,45.4,54.8,1.56
"Ortho","P7690","ALT","5",1,"MS","Serum","","11/01/2021",0,1,"U/L","02/11/2008",44,24,44,2.7
"Ortho","P7690","Ca","39",1,"MS","Serum","06/01/2021","11/01/2021",0,1,"mg/dL","07/29/2004",44,8.06,9.08,0.22
"Ortho","P7690","dHDL","25",1,"MS","Serum","","11/01/2021",0,1,"mg/dL","07/09/2010",44,48.4,57.8,1.56
"Ortho","Q7692","ALT","5",1,"MS","Serum","","11/01/2021",0,2,"U/L","02/11/2008",44,178,214,5
"Ortho","Q7692","Ca","39",1,"MS","Serum","06/01/2021","11/01/2021",0,2,"mg/dL","07/29/2004",44,11.3,12.38,0.26
"Ortho","B7780","BENZ","42",1,"MT","Urine","03/05/2020","05/26/2021",0,1,"ng/mL","01/22/2019",45,99,170,14.93
"Ortho","B7780","BENZ","43",1,"MT","Urine","04/23/2020","05/26/2021",0,1,"ng/mL","05/21/2019",45,99,170,14.93
"Ortho","B7780","BENZ","44",1,"MT","Urine","07/01/2020","05/26/2021",0,1,"ng/mL","05/24/2019",45,99,170,14.93
"Ortho","B7780","BENZ","45",1,"MT","Urine","09/06/2020","05/26/2021",0,1,"ng/mL","08/19/2019",45,99,170,14.93
"Ortho","B7780","COCM","13",1,"MT","Urine","","05/26/2021",0,1,"ng/mL","03/03/2017",45,72,132,5.8
"Ortho","B7780","COCM","14",1,"MT","Urine","09/17/2020","05/26/2021",0,1,"ng/mL","06/26/2019",45,72,132,5.8
"Ortho","B7780","METD","2",1,"MT","Urine","01/24/2021","05/26/2021",0,1,"ng/mL","06/18/2014",45,86,136,6.8
"Ortho","B7780","OP-LO","11",1,"MT","Urine","02/28/2021","05/26/2021",0,1,"ng/mL","08/06/2018",45,181,269,9.5
"Ortho","B7780","PCP","6",1,"MT","Urine","11/27/2020","05/26/2021",0,1,"ng/mL","07/05/2018",45,12.8,22.8,1.12
"Ortho","B7780","THC","11",1,"MT","Urine","02/16/2021","05/26/2021",0,1,"ng/mL","11/11/2019",45,10.3,18.1,0.96
"Ortho","B7780","THC","7",1,"MT","Urine","12/17/2020","05/26/2021",0,1,"ng/mL","05/16/2012",45,10.3,18.1,0.96
"Ortho","B7780","THC","9",1,"MT","Urine","10/11/2020","05/26/2021",0,1,"ng/mL","03/15/2018",45,10.3,18.1,0.96
"Ortho","C7781","AMPH","7",1,"MT","Urine","10/03/2020","05/26/2021",0,2,"ng/mL","05/06/2016",45,539,751,19.4
"Ortho","C7781","BARB","3",1,"MT","Urine","","05/26/2021",0,2,"ng/mL","02/06/2014",45,213,292,6.44
"Ortho","C7781","BARB","4",1,"MT","Urine","02/04/2021","05/26/2021",0,2,"ng/mL","02/22/2019",45,213,292,6.44
"Ortho","C7781","BENZ","42",1,"MT","Urine","03/05/2020","05/26/2021",0,2,"ng/mL","01/22/2019",45,241,318,20.31
"Ortho","C7781","BENZ","43",1,"MT","Urine","04/23/2020","05/26/2021",0,2,"ng/mL","05/21/2019",45,241,318,20.31
"Ortho","C7781","BENZ","44",1,"MT","Urine","07/01/2020","05/26/2021",0,2,"ng/mL","05/24/2019",45,241,318,20.31
"Ortho","C7781","BENZ","45",1,"MT","Urine","09/06/2020","05/26/2021",0,2,"ng/mL","08/19/2019",45,241,318,20.31
"Ortho","C7781","COCM","13",1,"MT","Urine","","05/26/2021",0,2,"ng/mL","03/03/2017",45,166,229,8
"Ortho","C7781","COCM","14",1,"MT","Urine","09/17/2020","05/26/2021",0,2,"ng/mL","06/26/2019",45,166,229,8
"Ortho","C7781","METD","2",1,"MT","Urine","01/24/2021","05/26/2021",0,2,"ng/mL","06/18/2014",45,161,223,5.4
"Ortho","C7781","OP-LO","11",1,"MT","Urine","02/28/2021","05/26/2021",0,2,"ng/mL","08/06/2018",45,320,451,10
"Ortho","C7781","PCP","6",1,"MT","Urine","11/27/2020","05/26/2021",0,2,"ng/mL","07/05/2018",45,27.6,39.3,1.31
"Ortho","C7781","THC","11",1,"MT","Urine","02/16/2021","05/26/2021",0,2,"ng/mL","11/11/2019",45,21.7,30,0.87
"Ortho","C7781","THC","7",1,"MT","Urine","12/17/2020","05/26/2021",0,2,"ng/mL","05/16/2012",45,21.7,30,0.87
"Ortho","C7781","THC","9",1,"MT","Urine","10/11/2020","05/26/2021",0,2,"ng/mL","03/15/2018",45,21.7,30,0.87
"Ortho","D7782","AMPH","7",1,"MT","Urine","10/03/2020","05/26/2021",0,3,"ng/mL","05/06/2016",45,651,909,19.1
"Ortho","D7782","BARB","3",1,"MT","Urine","","05/26/2021",0,3,"ng/mL","02/06/2014",45,184,266,6.06
"Ortho","N7648","GLU","6",1,"MS","Serum","07/01/2021","08/15/2021",0,1,"mg/dL","10/05/2007",45,79.1,94.1,2.08
"Ortho","N7648","Na+","27",1,"MS","Serum","07/01/2021","08/15/2021",0,1,"mmol/L","07/29/2004",45,114.9,120.9,1.4
"Ortho","N7648","TBIL","40",1,"MS","Serum","07/01/2021","08/15/2021",0,1,"mg/dL","11/15/2004",45,1.31,1.95,0.08
"Ortho","P7690","ALB","15",1,"MS","Serum","03/01/2020","11/01/2021",0,1,"g/dL","05/11/2016",45,1.94,2.54,0.09
"Ortho","P7690","ALB","17",1,"MS","Serum","08/01/2020","11/01/2021",0,1,"g/dL","09/21/2006",45,1.92,2.52,0.09
"Ortho","P7690","ALB","23",1,"MS","Serum","04/01/2020","11/01/2021",0,1,"g/dL","09/27/2012",45,1.94,2.54,0.09
"Ortho","P7690","ALB","25",1,"MS","Serum","07/01/2020","11/01/2021",0,1,"g/dL","10/19/2018",45,1.92,2.52,0.09
"Ortho","P7690","ALB","27",1,"MS","Serum","07/01/2021","11/01/2021",0,1,"g/dL","01/08/2019",45,1.99,2.59,0.09
"Ortho","P7690","ALB","28",1,"MS","Serum","04/01/2021","11/01/2021",0,1,"g/dL","07/29/2004",45,1.97,2.57,0.09
"Ortho","P7690","ALB","10-XT",1,"MS","Serum","01/01/2021","11/01/2021",0,1,"g/dL","10/17/2018",45,2.04,2.64,0.09
"Ortho","P7690","ALB","11-XT",1,"MS","Serum","09/01/2020","11/01/2021",0,1,"g/dL","03/15/2019",45,2.02,2.62,0.09
"Ortho","P7690","ALKP","19",1,"MS","Serum","03/01/2020","11/01/2021",0,1,"U/L","02/02/2018",45,80,131,3.5
"Ortho","P7690","ALKP","20",1,"MS","Serum","06/01/2020","11/01/2021",0,1,"U/L","08/27/2018",45,82,133,3.5
"Ortho","P7690","ALKP","21",1,"MS","Serum","07/01/2021","11/01/2021",0,1,"U/L","12/10/2018",45,83,134,3.5
"Ortho","P7690","ALKP","23",1,"MS","Serum","07/01/2021","11/01/2021",0,1,"U/L","04/15/2019",45,85,136,3.5
"Ortho","P7690","ALKP","24",1,"MS","Serum","07/01/2021","11/01/2021",0,1,"U/L","06/19/2019",45,84,135,3.5
"Ortho","P7690","ALKP","90",1,"MS","Serum","11/01/2020","11/01/2021",0,1,"U/L","10/16/2018",45,269,422,10.5
"Ortho","P7690","ALKP","91",1,"MS","Serum","02/01/2021","11/01/2021",0,1,"U/L","04/22/2019",45,283,436,10.5
"Ortho","P7690","ALKP","10-XT",1,"MS","Serum","12/01/2020","11/01/2021",0,1,"U/L","11/13/2018",45,79,130,3.5
"Ortho","P7690","ALKP","80-XT",1,"MS","Serum","12/01/2020","11/01/2021",0,1,"U/L","11/14/2018",45,269,422,10.5
"Ortho","P7690","ALT","1",1,"MS","Serum","09/01/2020","11/01/2021",0,1,"U/L","11/05/2007",45,24,44,2.7
"Ortho","P7690","ALT","2",1,"MS","Serum","07/01/2021","11/01/2021",0,1,"U/L","09/12/2007",45,24,44,2.7
"Ortho","P7690","ALT","3",1,"MS","Serum","03/01/2021","11/01/2021",0,1,"U/L","11/17/2007",45,22,42,2.7
"Ortho","P7690","ALT","4",1,"MS","Serum","07/01/2021","11/01/2021",0,1,"U/L","12/02/2007",45,24,44,2.7
"Ortho","P7690","ALT","46",1,"MS","Serum","06/01/2020","11/01/2021",0,1,"U/L","11/03/2006",45,26,46,2.7
"Ortho","P7690","ALT","48",1,"MS","Serum","07/07/2022","11/01/2021",0,1,"U/L","06/04/2007",45,24,44,2.7
"Ortho","P7690","ALT","49",1,"MS","Serum","06/01/2020","11/01/2021",0,1,"U/L","02/26/2007",45,25,45,2.7
"Ortho","P7690","ALT2","10-XT",1,"MS","Serum","09/01/2020","11/01/2021",0,1,"U/L","02/21/2019",45,16,26,1.5
"Ortho","P7690","ALT2","2",1,"MS","Serum","01/01/2021","11/01/2021",0,1,"U/L","08/14/2018",45,15,25,1.5
"Ortho","P7690","ALTV","3",1,"MS","Serum","09/01/2020","11/01/2021",0,1,"U/L","01/21/2019",45,16,26,1.5
"Ortho","P7690","ALTV","10-XT",1,"MS","Serum","09/01/2020","11/01/2021",0,1,"U/L","02/22/2019",45,17,27,1.5
"Ortho","P7690","ALTV","11-XT",1,"MS","Serum","06/01/2021","11/01/2021",0,1,"U/L","11/20/2019",45,15,25,1.5
"Ortho","P7690","AMYL","2",1,"MS","Serum","09/01/2020","11/01/2021",0,1,"U/L","10/13/2009",45,66,90,4.2
"Ortho","P7690","AMYL","3",1,"MS","Serum","02/01/2021","11/01/2021",0,1,"U/L","10/13/2009",45,64,88,4.2
"Ortho","P7690","AMYL","47",1,"MS","Serum","02/01/2020","11/01/2021",0,1,"U/L","02/17/2009",45,65,89,4.2
"Ortho","P7690","AMYL","48",1,"MS","Serum","04/01/2020","11/01/2021",0,1,"U/L","03/06/2009",45,70,94,4.2
"Ortho","P7690","AMYL","49",1,"MS","Serum","05/01/2020","11/01/2021",0,1,"U/L","05/04/2009",45,69,93,4.2
"Ortho","P7690","AMYL","5",1,"MS","Serum","07/01/2021","11/01/2021",0,1,"U/L","04/22/2010",45,70,94,4.2
"Ortho","P7690","AMYL","6",1,"MS","Serum","06/01/2021","11/01/2021",0,1,"U/L","07/31/2010",45,64,88,4.2
"Ortho","P7690","AMYL","83",1,"MS","Serum","02/01/2021","11/01/2021",0,1,"U/L","01/24/2018",45,78,102,4.3
"Ortho","P7690","AMYL","84",1,"MS","Serum","05/01/2021","11/01/2021",0,1,"U/L","09/09/2019",45,68,92,4.3
"Ortho","P7690","AST","10-XT",1,"MS","Serum","09/01/2020","11/01/2021",0,1,"U/L","02/22/2019",45,30,42,1.5
"Ortho","P7690","AST","11-XT",1,"MS","Serum","06/01/2021","11/01/2021",0,1,"U/L","11/20/2019",45,29,41,1.5
"Ortho","P7690","ASTJ","10-XT",1,"MS","Serum","09/01/2020","11/01/2021",0,1,"U/L","02/21/2019",45,21,33,1.5
"Ortho","P7690","ASTJ","8",1,"MS","Serum","10/01/2020","11/01/2021",0,1,"U/L","01/05/2018",45,21,33,1.5
"Ortho","P7690","ASTJ","9",1,"MS","Serum","06/01/2021","11/01/2021",0,1,"U/L","06/19/2019",45,20,32,1.5
"Ortho","P7690","BUN","29",1,"MS","Serum","07/01/2021","11/01/2021",0,1,"mg/dL","09/29/2017",45,16.9,19.9,0.6
"Ortho","P7690","BUN","31",1,"MS","Serum","07/01/2021","11/01/2021",0,1,"mg/dL","10/07/2019",45,17.1,20.1,0.6
"Ortho","P7690","BUN","10-XT",1,"MS","Serum","03/01/2020","11/01/2021",0,1,"mg/dL","07/18/2018",45,16.8,19.8,0.6
"Ortho","P7690","BUN","11-XT",1,"MS","Serum","06/01/2021","11/01/2021",0,1,"mg/dL","06/01/2019",45,16.7,19.7,0.6
"Ortho","P7690","Bc","34",1,"MS","Serum","02/01/2020","11/01/2021",0,1,"mg/dL","12/11/2006",45,0.27,0.81,0.1
"Ortho","P7690","Bc","35",1,"MS","Serum","04/01/2020","11/01/2021",0,1,"mg/dL","06/17/2013",45,0.17,0.71,0.1
"Ortho","P7690","Bc","36",1,"MS","Serum","05/01/2020","11/01/2021",0,1,"mg/dL","05/17/2007",45,0.22,0.76,0.1
"Ortho","P7690","Bc","37",1,"MS","Serum","07/01/2020","11/01/2021",0,1,"mg/dL","08/13/2007",45,0.16,0.7,0.1
"Ortho","P7690","Bc","38",1,"MS","Serum","09/01/2020","11/01/2021",0,1,"mg/dL","08/31/2007",45,0.11,0.65,0.1
"Ortho","P7690","Bc","40",1,"MS","Serum","11/01/2020","11/01/2021",0,1,"mg/dL","10/04/2007",45,0.09,0.63,0.1
"Ortho","P7690","Bc","41",1,"MS","Serum","12/01/2020","11/01/2021",0,1,"mg/dL","12/01/2007",45,0.07,0.61,0.1
"Ortho","P7690","Bc","42",1,"MS","Serum","01/01/2021","11/01/2021",0,1,"mg/dL","01/02/2008",45,0.13,0.67,0.1
"Ortho","P7690","Bc","43",1,"MS","Serum","02/01/2021","11/01/2021",0,1,"mg/dL","02/11/2008",45,0.08,0.62,0.1
"Ortho","P7690","Bc","44",1,"MS","Serum","04/01/2021","11/01/2021",0,1,"mg/dL","02/25/2008",45,0.14,0.68,0.1
"Ortho","P7690","Bc","45",1,"MS","Serum","06/01/2021","11/01/2021",0,1,"mg/dL","04/16/2008",45,0.1,0.64,0.1
"Ortho","P7690","Bc","46",1,"MS","Serum","06/01/2021","11/01/2021",0,1,"mg/dL","05/05/2008",45,0.17,0.71,0.1
"Ortho","P7690","Bu","34",1,"MS","Serum","02/01/2020","11/01/2021",0,1,"mg/dL","12/11/2006",45,0.3,0.8,0.06
"Ortho","P7690","Bu","35",1,"MS","Serum","04/01/2020","11/01/2021",0,1,"mg/dL","06/17/2013",45,0.33,0.83,0.06
"Ortho","P7690","Bu","36",1,"MS","Serum","05/01/2020","11/01/2021",0,1,"mg/dL","05/17/2007",45,0.26,0.76,0.06
"Ortho","P7690","Bu","37",1,"MS","Serum","07/01/2020","11/01/2021",0,1,"mg/dL","08/13/2007",45,0.25,0.75,0.06
"Ortho","P7690","Bu","38",1,"MS","Serum","09/01/2020","11/01/2021",0,1,"mg/dL","08/31/2007",45,0.3,0.8,0.06
"Ortho","P7690","Bu","40",1,"MS","Serum","11/01/2020","11/01/2021",0,1,"mg/dL","10/04/2007",45,0.25,0.75,0.06
"Ortho","P7690","Bu","41",1,"MS","Serum","12/01/2020","11/01/2021",0,1,"mg/dL","12/03/2007",45,0.29,0.79,0.06
"Ortho","P7690","Bu","42",1,"MS","Serum","01/01/2021","11/01/2021",0,1,"mg/dL","01/02/2008",45,0.3,0.8,0.06
"Ortho","P7690","Bu","43",1,"MS","Serum","02/01/2021","11/01/2021",0,1,"mg/dL","02/11/2008",45,0.31,0.81,0.06
"Ortho","P7690","Bu","44",1,"MS","Serum","04/01/2021","11/01/2021",0,1,"mg/dL","02/25/2008",45,0.27,0.77,0.06
"Ortho","P7690","Bu","45",1,"MS","Serum","06/01/2021","11/01/2021",0,1,"mg/dL","04/16/2008",45,0.32,0.82,0.06
"Ortho","P7690","Bu","46",1,"MS","Serum","06/01/2021","11/01/2021",0,1,"mg/dL","05/05/2008",45,0.32,0.82,0.06
"Ortho","P7690","CHE","4",1,"MS","Serum","02/01/2021","11/01/2021",0,1,"U/mL","10/05/2017",45,3.17,3.77,0.12
"Ortho","P7690","CHE","5",1,"MS","Serum","07/01/2020","11/01/2021",0,1,"U/mL","07/06/2018",45,3.22,3.82,0.12
"Ortho","P7690","CHE","6",1,"MS","Serum","05/01/2021","11/01/2021",0,1,"U/mL","02/13/2019",45,3.18,3.78,0.12
"Ortho","P7690","CHE","86",1,"MS","Serum","02/01/2021","11/01/2021",0,1,"U/mL","11/16/2018",45,0.14,0.16,0.0052
"Ortho","P7690","CHOL","33",1,"MS","Serum","06/01/2020","11/01/2021",0,1,"mg/dL","11/03/2004",45,142.2,168.2,4.33
"Ortho","P7690","CHOL","39",1,"MS","Serum","11/01/2020","11/01/2021",0,1,"mg/dL","08/29/2017",45,140.7,166.7,4.33
"Ortho","P7690","CHOL","43",1,"MS","Serum","07/01/2021","11/01/2021",0,1,"mg/dL","11/05/2007",45,142.9,168.9,4.33
"Ortho","P7690","CHOL","10-XT",1,"MS","Serum","06/01/2021","11/01/2021",0,1,"mg/dL","08/16/2018",45,147,173,4.33
"Ortho","P7690","CK","12",1,"MS","Serum","07/01/2021","11/01/2021",0,1,"U/L","07/03/2018",45,141,229,14.7
"Ortho","P7690","CK","13",1,"MS","Serum","02/01/2020","11/01/2021",0,1,"U/L","07/26/2018",45,143,231,14.7
"Ortho","P7690","CK","14",1,"MS","Serum","08/01/2020","11/01/2021",0,1,"U/L","02/16/2019",45,145,233,14.7
"Ortho","P7690","CK","15",1,"MS","Serum","05/01/2021","11/01/2021",0,1,"U/L","10/30/2019",45,139,227,14.7
"Ortho","P7690","CK","86",1,"MS","Serum","05/01/2021","11/01/2021",0,1,"U/L","07/10/2017",45,159,247,14.7
"Ortho","P7690","CK","9",1,"MS","Serum","","11/01/2021",0,1,"U/L","06/23/2017",45,148,236,14.7
"Ortho","P7690","CREA","16",1,"MS","Serum","02/01/2020","11/01/2021",0,1,"mg/dL","03/28/2018",45,0.85,1.09,0.08
"Ortho","P7690","CREA","18",1,"MS","Serum","02/01/2020","11/01/2021",0,1,"mg/dL","10/07/2004",45,0.84,1.08,0.08
"Ortho","P7690","CREA","19",1,"MS","Serum","11/01/2020","11/01/2021",0,1,"mg/dL","11/03/2004",45,0.81,1.05,0.08
"Ortho","P7690","CREA","20",1,"MS","Serum","05/01/2020","11/01/2021",0,1,"mg/dL","01/04/2005",45,0.82,1.06,0.08
"Ortho","P7690","CREA","22",1,"MS","Serum","10/01/2020","11/01/2021",0,1,"mg/dL","10/17/2006",45,0.81,1.05,0.08
"Ortho","P7690","CREA","23",1,"MS","Serum","06/01/2021","11/01/2021",0,1,"mg/dL","12/06/2006",45,0.8,1.04,0.08
"Ortho","P7690","CREA","25",1,"MS","Serum","01/01/2021","11/01/2021",0,1,"mg/dL","07/29/2004",45,0.79,1.03,0.08
"Ortho","P7690","CREA","26",1,"MS","Serum","01/01/2021","11/01/2021",0,1,"mg/dL","06/20/2006",45,0.81,1.05,0.08
"Ortho","P7690","CREA","27",1,"MS","Serum","02/01/2021","11/01/2021",0,1,"mg/dL","10/18/2006",45,0.81,1.05,0.08
"Ortho","P7690","CREA","29",1,"MS","Serum","05/01/2021","11/01/2021",0,1,"mg/dL","07/29/2004",45,0.79,1.03,0.08
"Ortho","P7690","CREA","30",1,"MS","Serum","04/01/2021","11/01/2021",0,1,"mg/dL","09/09/2019",45,0.8,1.04,0.08
"Ortho","P7690","CREA","10-XT",1,"MS","Serum","03/01/2020","11/01/2021",0,1,"mg/dL","07/18/2018",45,0.79,1.03,0.08
"Ortho","P7690","CREA","11-XT",1,"MS","Serum","06/01/2021","11/01/2021",0,1,"mg/dL","06/01/2019",45,0.8,1.04,0.08
"Ortho","P7690","Ca","14",1,"MS","Serum","03/01/2020","11/01/2021",0,1,"mg/dL","04/25/2006",45,8.14,9.16,0.22
"Ortho","P7690","Ca","15",1,"MS","Serum","","11/01/2021",0,1,"mg/dL","06/15/2006",45,8.11,9.13,0.22
"Ortho","P7690","Ca","16",1,"MS","Serum","","11/01/2021",0,1,"mg/dL","07/27/2006",45,8.23,9.25,0.22
"Ortho","P7690","Ca","17",1,"MS","Serum","06/01/2020","11/01/2021",0,1,"mg/dL","08/24/2006",45,8.24,9.26,0.22
"Ortho","P7690","Ca","18",1,"MS","Serum","","11/01/2021",0,1,"mg/dL","10/10/2006",45,8.11,9.13,0.22
"Ortho","P7690","Ca","27",1,"MS","Serum","09/01/2020","11/01/2021",0,1,"mg/dL","06/18/2007",45,8.09,9.11,0.22
"Ortho","P7690","Ca","28",1,"MS","Serum","11/01/2020","11/01/2021",0,1,"mg/dL","07/29/2004",45,8.06,9.08,0.22
"Ortho","P7690","Ca","29",1,"MS","Serum","11/01/2020","11/01/2021",0,1,"mg/dL","07/29/2004",45,8.11,9.13,0.22
"Ortho","P7690","Ca","30",1,"MS","Serum","01/01/2021","11/01/2021",0,1,"mg/dL","08/13/2007",45,8.15,9.17,0.22
"Ortho","P7690","Ca","32",1,"MS","Serum","02/01/2021","11/01/2021",0,1,"mg/dL","11/05/2007",45,8.11,9.13,0.22
"Ortho","P7690","Ca","33",1,"MS","Serum","03/01/2021","11/01/2021",0,1,"mg/dL","07/29/2004",45,8.15,9.17,0.22
"Ortho","P7690","Ca","34",1,"MS","Serum","04/01/2021","11/01/2021",0,1,"mg/dL","07/29/2004",45,8.16,9.18,0.22
"Ortho","P7690","Ca","35",1,"MS","Serum","04/01/2021","11/01/2021",0,1,"mg/dL","07/29/2004",45,8.13,9.15,0.22
"Ortho","P7690","Ca","36",1,"MS","Serum","06/01/2021","11/01/2021",0,1,"mg/dL","07/29/2004",45,8.1,9.12,0.22
"Ortho","P7690","Ca","37",1,"MS","Serum","07/01/2021","11/01/2021",0,1,"mg/dL","07/29/2004",45,8.13,9.15,0.22
"Ortho","P7690","Ca","11-XT",1,"MS","Serum","01/01/2021","11/01/2021",0,1,"mg/dL","03/21/2019",45,8.09,9.11,0.22
"Ortho","P7690","Cl-","10",1,"MS","Serum","07/01/2021","11/01/2021",0,1,"mmol/L","12/02/2016",45,76.5,84.5,1.1
"Ortho","P7690","Cl-","5",1,"MS","Serum","","11/01/2021",0,1,"mmol/L","09/11/2007",45,76.5,84.5,1.1
"Ortho","P7690","DGXN","18",1,"MS","Serum","01/15/2020","11/01/2021",0,1,"ng/mL","03/07/2006",45,0.76,1.32,0.12
"Ortho","P7690","DGXN","19",1,"MS","Serum","05/01/2020","11/01/2021",0,1,"ng/mL","03/27/2006",45,0.76,1.32,0.12
"Ortho","P7690","ECO2","21",1,"MS","Serum","03/01/2021","11/01/2021",0,1,"mmol/L","08/12/2016",45,21.6,27.6,1.3
"Ortho","P7690","ECO2","24",1,"MS","Serum","07/01/2021","11/01/2021",0,1,"mmol/L","10/02/2017",45,22.2,28.2,1.3
"Ortho","P7690","Fe","19",1,"MS","Serum","05/01/2020","11/01/2021",0,1,"µg/dL","09/23/2009",45,81.2,115.2,4.33
"Ortho","P7690","Fe","20",1,"MS","Serum","09/01/2020","11/01/2021",0,1,"µg/dL","11/04/2009",45,78.5,112.5,4.33
"Ortho","P7690","Fe","21",1,"MS","Serum","02/01/2021","11/01/2021",0,1,"µg/dL","02/23/2010",45,75.4,109.4,4.33
"Ortho","P7690","Fe","22",1,"MS","Serum","06/01/2021","11/01/2021",0,1,"µg/dL","02/26/2010",45,79.9,113.9,4.33
"Ortho","P7690","Fe","23",1,"MS","Serum","06/01/2021","11/01/2021",0,1,"µg/dL","03/02/2010",45,76,110,4.33
"Ortho","P7690","GGT","36",1,"MS","Serum","11/01/2020","11/01/2021",0,1,"U/L","07/29/2004",45,53,75,1.7
"Ortho","P7690","GGT","40",1,"MS","Serum","05/01/2021","11/01/2021",0,1,"U/L","04/11/2005",45,52,74,1.7
"Ortho","P7690","GGT","41",1,"MS","Serum","01/01/2021","11/01/2021",0,1,"U/L","07/14/2005",45,53,75,1.7
"Ortho","P7690","GGT","42",1,"MS","Serum","06/01/2020","11/01/2021",0,1,"U/L","08/29/2005",45,52,74,1.7
"Ortho","D7782","BARB","4",1,"MT","Urine","02/04/2021","05/26/2021",0,3,"ng/mL","02/22/2019",45,184,266,6.06
"Ortho","D7782","BENZ","42",1,"MT","Urine","03/05/2020","05/26/2021",0,3,"ng/mL","01/22/2019",45,161,266,17.09
"Ortho","D7782","BENZ","43",1,"MT","Urine","04/23/2020","05/26/2021",0,3,"ng/mL","05/21/2019",45,161,266,17.09
"Ortho","D7782","BENZ","44",1,"MT","Urine","07/01/2020","05/26/2021",0,3,"ng/mL","05/24/2019",45,161,266,17.09
"Ortho","D7782","BENZ","45",1,"MT","Urine","09/06/2020","05/26/2021",0,3,"ng/mL","08/19/2019",45,161,266,17.09
"Ortho","D7782","COCM","13",1,"MT","Urine","","05/26/2021",0,3,"ng/mL","03/03/2017",45,178,272,8.5
"Ortho","D7782","COCM","14",1,"MT","Urine","09/17/2020","05/26/2021",0,3,"ng/mL","06/26/2019",45,178,272,8.5
"Ortho","D7782","METD","2",1,"MT","Urine","01/24/2021","05/26/2021",0,3,"ng/mL","06/18/2014",45,191,259,4.6
"Ortho","D7782","OP-HI","11",1,"MT","Urine","02/28/2021","05/26/2021",0,3,"ng/mL","08/03/2018",45,1216,1784,39.4
"Ortho","D7782","THC","11",1,"MT","Urine","02/16/2021","05/26/2021",0,3,"ng/mL","11/11/2019",45,31.2,43.8,1.09
"Ortho","D7782","THC","7",1,"MT","Urine","12/17/2020","05/26/2021",0,3,"ng/mL","05/16/2012",45,31.2,43.8,1.09
"Ortho","D7782","THC","9",1,"MT","Urine","10/11/2020","05/26/2021",0,3,"ng/mL","03/15/2018",45,31.2,43.8,1.09
"Ortho","E7783","AMPH","7",1,"MT","Urine","10/03/2020","05/26/2021",0,4,"ng/mL","05/06/2016",45,1094,1450,46.8
"Ortho","E7783","BARB","3",1,"MT","Urine","","05/26/2021",0,4,"ng/mL","02/06/2014",45,316,445,8.21
"Ortho","E7783","BARB","4",1,"MT","Urine","02/04/2021","05/26/2021",0,4,"ng/mL","02/22/2019",45,316,445,8.21
"Ortho","E7783","BENZ","42",1,"MT","Urine","03/05/2020","05/26/2021",0,4,"ng/mL","01/22/2019",45,350,479,24.93
"Ortho","E7783","BENZ","43",1,"MT","Urine","04/23/2020","05/26/2021",0,4,"ng/mL","05/21/2019",45,350,479,24.93
"Ortho","E7783","BENZ","44",1,"MT","Urine","07/01/2020","05/26/2021",0,4,"ng/mL","05/24/2019",45,350,479,24.93
"Ortho","E7783","BENZ","45",1,"MT","Urine","09/06/2020","05/26/2021",0,4,"ng/mL","08/19/2019",45,350,479,24.93
"Ortho","E7783","COCM","13",1,"MT","Urine","","05/26/2021",0,4,"ng/mL","03/03/2017",45,329,469,14.7
"Ortho","E7783","COCM","14",1,"MT","Urine","09/17/2020","05/26/2021",0,4,"ng/mL","06/26/2019",45,329,469,14.7
"Ortho","E7783","METD","2",1,"MT","Urine","01/24/2021","05/26/2021",0,4,"ng/mL","06/18/2014",45,311,439,5.7
"Ortho","E7783","OP-HI","11",1,"MT","Urine","02/28/2021","05/26/2021",0,4,"ng/mL","08/03/2018",45,2163,2927,81.7
"Ortho","E7783","THC","11",1,"MT","Urine","02/16/2021","05/26/2021",0,4,"ng/mL","11/11/2019",45,52.4,73.6,1.22
"Ortho","E7783","THC","7",1,"MT","Urine","12/17/2020","05/26/2021",0,4,"ng/mL","05/16/2012",45,52.4,73.6,1.22
"Ortho","E7783","THC","9",1,"MT","Urine","10/11/2020","05/26/2021",0,4,"ng/mL","03/15/2018",45,52.4,73.6,1.22
"Ortho","F7784","AMPH","7",1,"MT","Urine","10/03/2020","05/26/2021",0,5,"ng/mL","05/06/2016",45,132,298,19.1
"Ortho","F7784","BARB","3",1,"MT","Urine","","05/26/2021",0,5,"ng/mL","02/06/2014",45,500,700,13.31
"Ortho","F7784","BARB","4",1,"MT","Urine","02/04/2021","05/26/2021",0,5,"ng/mL","02/22/2019",45,500,700,13.31
"Ortho","F7784","BENZ","42",1,"MT","Urine","03/05/2020","05/26/2021",0,5,"ng/mL","01/22/2019",45,410,790,55.12
"Ortho","F7784","BENZ","43",1,"MT","Urine","04/23/2020","05/26/2021",0,5,"ng/mL","05/21/2019",45,410,790,55.12
"Ortho","F7784","BENZ","44",1,"MT","Urine","07/01/2020","05/26/2021",0,5,"ng/mL","05/24/2019",45,410,790,55.12
"Ortho","F7784","BENZ","45",1,"MT","Urine","09/06/2020","05/26/2021",0,5,"ng/mL","08/19/2019",45,410,790,55.12
"Ortho","F7784","COCM","13",1,"MT","Urine","","05/26/2021",0,5,"ng/mL","03/03/2017",45,424,776,29.2
"Ortho","F7784","COCM","14",1,"MT","Urine","09/17/2020","05/26/2021",0,5,"ng/mL","06/26/2019",45,424,776,29.2
"Ortho","F7784","METD","2",1,"MT","Urine","01/24/2021","05/26/2021",0,5,"ng/mL","06/18/2014",45,415,685,23.3
"Ortho","F7784","OP-HI","11",1,"MT","Urine","02/28/2021","05/26/2021",0,5,"ng/mL","08/03/2018",45,2415,3585,112.5
"Ortho","F7784","PCP","6",1,"MT","Urine","11/27/2020","05/26/2021",0,5,"ng/mL","07/05/2018",45,48.5,71.5,2.19
"Ortho","Q6836","BENZ","45",1,"MT","Urine","09/06/2020","04/15/2020",0,1,"ng/mL","08/19/2019",45,99,170,14.93
"Ortho","R6837","BENZ","45",1,"MT","Urine","09/06/2020","04/15/2020",0,2,"ng/mL","08/19/2019",45,241,318,20.31
"Ortho","T6838","BENZ","45",1,"MT","Urine","09/06/2020","04/15/2020",0,3,"ng/mL","08/19/2019",45,161,266,17.09
"Ortho","U6839","BENZ","45",1,"MT","Urine","09/06/2020","04/15/2020",0,4,"ng/mL","08/19/2019",45,350,479,24.93
"Ortho","V6840","BENZ","45",1,"MT","Urine","09/06/2020","04/15/2020",0,5,"ng/mL","08/19/2019",45,410,790,55.12
"Ortho","W7392","BENZ","45",1,"MT","Urine","09/06/2020","01/03/2021",0,1,"ng/mL","08/19/2019",45,99,170,14.93
"Ortho","X7393","BENZ","45",1,"MT","Urine","09/06/2020","01/03/2021",0,2,"ng/mL","08/19/2019",45,241,318,20.31
"Ortho","Y7394","BENZ","45",1,"MT","Urine","09/06/2020","01/03/2021",0,3,"ng/mL","08/19/2019",45,161,266,17.09
"Ortho","C6670","CKMB","48",1,"MS","Serum","07/01/2021","09/10/2020",0,2,"U/L","12/16/2019",45,36.3,48.5,5.1
"Ortho","D7182","CKMB","48",1,"MS","Serum","07/01/2021","03/29/2021",0,1,"U/L","12/16/2019",45,16.9,25.1,2.2
"Ortho","E7184","CKMB","48",1,"MS","Serum","07/01/2021","03/29/2021",0,2,"U/L","12/16/2019",45,37.2,49.4,5.1
"Ortho","F7683","CKMB","48",1,"MS","Serum","07/01/2021","10/14/2021",0,1,"U/L","12/16/2019",45,12.6,20.8,2.2
"Ortho","G7685","CKMB","48",1,"MS","Serum","07/01/2021","10/14/2021",0,2,"U/L","12/16/2019",45,36.8,49,5.1
"Ortho","Y6491","CKMB","48",1,"MS","Serum","07/01/2021","04/06/2020",0,1,"U/L","12/16/2019",45,12.4,20.6,2.2
"Ortho","F6495","GLU","6",1,"MS","CSF","07/01/2021","04/01/2020",0,1,"mg/dL","10/05/2007",45,43.7,51.7,1.4
"Ortho","F6495","Na+","27",1,"MS","Urine","07/01/2021","04/01/2020",0,1,"mmol/L","07/29/2004",45,17.7,33.7,1
"Ortho","G6496","GLU","6",1,"MS","CSF","07/01/2021","04/01/2020",0,2,"mg/dL","10/05/2007",45,74.2,93.2,3
"Ortho","G6496","Na+","27",1,"MS","Urine","07/01/2021","04/01/2020",0,2,"mmol/L","07/29/2004",45,40.5,59.5,1.88
"Ortho","H6666","GLU","6",1,"MS","CSF","07/01/2021","09/04/2020",0,1,"mg/dL","10/05/2007",45,33.5,41.5,1.4
"Ortho","H6666","Na+","27",1,"MS","Urine","07/01/2021","09/04/2020",0,1,"mmol/L","07/29/2004",45,17.9,33.9,1
"Ortho","J6667","GLU","6",1,"MS","CSF","07/01/2021","09/04/2020",0,2,"mg/dL","10/05/2007",45,73.7,92.7,3
"Ortho","J6667","Na+","27",1,"MS","Urine","07/01/2021","09/04/2020",0,2,"mmol/L","07/29/2004",45,41.9,60.9,1.88
"Ortho","K7186","GLU","6",1,"MS","CSF","07/01/2021","04/26/2021",0,1,"mg/dL","10/05/2007",45,34.1,42.1,1.4
"Ortho","K7186","Na+","27",1,"MS","Urine","07/01/2021","04/26/2021",0,1,"mmol/L","07/29/2004",45,19,35,1
"Ortho","L7187","GLU","6",1,"MS","CSF","07/01/2021","04/26/2021",0,2,"mg/dL","10/05/2007",45,74.5,93.5,3
"Ortho","L7187","Na+","27",1,"MS","Urine","07/01/2021","04/26/2021",0,2,"mmol/L","07/29/2004",45,41,60,1.88
"Ortho","B6272","ALTV","11-XT",1,"MS","Serum","06/01/2021","01/31/2020",0,1,"U/L","11/20/2019",45,14,24,1.5
"Ortho","B6272","AST","11-XT",1,"MS","Serum","06/01/2021","01/31/2020",0,1,"U/L","11/20/2019",45,30,42,1.5
"Ortho","B6272","Bc","46",1,"MS","Serum","06/01/2021","01/31/2020",0,1,"mg/dL","05/05/2008",45,0.09,0.63,0.1
"Ortho","B6272","Bu","46",1,"MS","Serum","06/01/2021","01/31/2020",0,1,"mg/dL","05/05/2008",45,0.34,0.84,0.06
"Ortho","B6272","GLU","6",1,"MS","Serum","07/01/2021","01/31/2020",0,1,"mg/dL","10/05/2007",45,73.2,88.2,2.08
"Ortho","B6272","Na+","27",1,"MS","Serum","07/01/2021","01/31/2020",0,1,"mmol/L","07/29/2004",45,115.7,121.7,1.4
"Ortho","B6272","TBIL","40",1,"MS","Serum","07/01/2021","01/31/2020",0,1,"mg/dL","11/15/2004",45,1.23,1.87,0.08
"Ortho","C6274","ALTV","11-XT",1,"MS","Serum","06/01/2021","01/31/2020",0,2,"U/L","11/20/2019",45,160,190,4.1
"Ortho","C6274","AST","11-XT",1,"MS","Serum","06/01/2021","01/31/2020",0,2,"U/L","11/20/2019",45,133,199,5
"Ortho","C6274","Bc","46",1,"MS","Serum","06/01/2021","01/31/2020",0,2,"mg/dL","05/05/2008",45,3.5,4.5,0.25
"Ortho","C6274","Bu","46",1,"MS","Serum","06/01/2021","01/31/2020",0,2,"mg/dL","05/05/2008",45,8.5,10.2,0.3
"Ortho","C6274","GLU","6",1,"MS","Serum","07/01/2021","01/31/2020",0,2,"mg/dL","10/05/2007",45,273,308,4.72
"Ortho","C6274","Na+","27",1,"MS","Serum","07/01/2021","01/31/2020",0,2,"mmol/L","07/29/2004",45,137.2,145.2,1.4
"Ortho","C6274","TBIL","40",1,"MS","Serum","07/01/2021","01/31/2020",0,2,"mg/dL","11/15/2004",45,14.55,17.15,0.46
"Ortho","D6497","ALTV","11-XT",1,"MS","Serum","06/01/2021","05/14/2020",0,1,"U/L","11/20/2019",45,19,29,1.5
"Ortho","D6497","AST","11-XT",1,"MS","Serum","06/01/2021","05/14/2020",0,1,"U/L","11/20/2019",45,35,47,1.5
"Ortho","D6497","Bc","46",1,"MS","Serum","06/01/2021","05/14/2020",0,1,"mg/dL","05/05/2008",45,0.23,0.77,0.1
"Ortho","D6497","Bu","46",1,"MS","Serum","06/01/2021","05/14/2020",0,1,"mg/dL","05/05/2008",45,0.44,0.94,0.06
"Ortho","D6497","GLU","6",1,"MS","Serum","07/01/2021","05/14/2020",0,1,"mg/dL","10/05/2007",45,84.6,99.6,2.08
"Ortho","D6497","Na+","27",1,"MS","Serum","07/01/2021","05/14/2020",0,1,"mmol/L","07/29/2004",45,115,121,1.4
"Ortho","D6497","TBIL","40",1,"MS","Serum","07/01/2021","05/14/2020",0,1,"mg/dL","11/15/2004",45,1.45,2.09,0.08
"Ortho","E6499","ALTV","11-XT",1,"MS","Serum","06/01/2021","05/14/2020",0,2,"U/L","11/20/2019",45,142,172,4.1
"Ortho","E6499","AST","11-XT",1,"MS","Serum","06/01/2021","05/14/2020",0,2,"U/L","11/20/2019",45,162,228,5
"Ortho","E6499","Bc","46",1,"MS","Serum","06/01/2021","05/14/2020",0,2,"mg/dL","05/05/2008",45,3.47,4.47,0.25
"Ortho","E6499","Bu","46",1,"MS","Serum","06/01/2021","05/14/2020",0,2,"mg/dL","05/05/2008",45,8.22,9.92,0.3
"Ortho","E6499","GLU","6",1,"MS","Serum","07/01/2021","05/14/2020",0,2,"mg/dL","10/05/2007",45,265.6,300.6,4.72
"Ortho","E6499","Na+","27",1,"MS","Serum","07/01/2021","05/14/2020",0,2,"mmol/L","07/29/2004",45,136.2,144.2,1.4
"Ortho","E6499","TBIL","40",1,"MS","Serum","07/01/2021","05/14/2020",0,2,"mg/dL","11/15/2004",45,13.77,16.37,0.46
"Ortho","F6662","ALTV","11-XT",1,"MS","Serum","06/01/2021","08/15/2020",0,1,"U/L","11/20/2019",45,18,28,1.5
"Ortho","F6662","AST","11-XT",1,"MS","Serum","06/01/2021","08/15/2020",0,1,"U/L","11/20/2019",45,37,49,1.5
"Ortho","F6662","Bc","46",1,"MS","Serum","06/01/2021","08/15/2020",0,1,"mg/dL","05/05/2008",45,0.2,0.74,0.1
"Ortho","F6662","Bu","46",1,"MS","Serum","06/01/2021","08/15/2020",0,1,"mg/dL","05/05/2008",45,0.42,0.92,0.06
"Ortho","F6662","GLU","6",1,"MS","Serum","07/01/2021","08/15/2020",0,1,"mg/dL","10/05/2007",45,78.4,93.4,2.08
"Ortho","F6662","Na+","27",1,"MS","Serum","07/01/2021","08/15/2020",0,1,"mmol/L","07/29/2004",45,114.9,120.9,1.4
"Ortho","F6662","TBIL","40",1,"MS","Serum","07/01/2021","08/15/2020",0,1,"mg/dL","11/15/2004",45,1.38,2.02,0.08
"Ortho","G6664","ALTV","11-XT",1,"MS","Serum","06/01/2021","08/15/2020",0,2,"U/L","11/20/2019",45,163,193,4.1
"Ortho","G6664","AST","11-XT",1,"MS","Serum","06/01/2021","08/15/2020",0,2,"U/L","11/20/2019",45,203,269,5
"Ortho","G6664","Bc","46",1,"MS","Serum","06/01/2021","08/15/2020",0,2,"mg/dL","05/05/2008",45,3.48,4.48,0.25
"Ortho","G6664","Bu","46",1,"MS","Serum","06/01/2021","08/15/2020",0,2,"mg/dL","05/05/2008",45,8.29,9.99,0.3
"Ortho","G6664","GLU","6",1,"MS","Serum","07/01/2021","08/15/2020",0,2,"mg/dL","10/05/2007",45,267.5,302.5,4.72
"Ortho","G6664","Na+","27",1,"MS","Serum","07/01/2021","08/15/2020",0,2,"mmol/L","07/29/2004",45,136.8,144.8,1.4
"Ortho","G6664","TBIL","40",1,"MS","Serum","07/01/2021","08/15/2020",0,2,"mg/dL","11/15/2004",45,14.45,17.05,0.46
"Ortho","H6976","ALTV","11-XT",1,"MS","Serum","06/01/2021","01/15/2021",0,1,"U/L","11/20/2019",45,18,28,1.5
"Ortho","H6976","AST","11-XT",1,"MS","Serum","06/01/2021","01/15/2021",0,1,"U/L","11/20/2019",45,36,48,1.5
"Ortho","H6976","Bc","46",1,"MS","Serum","06/01/2021","01/15/2021",0,1,"mg/dL","05/05/2008",45,0.17,0.71,0.1
"Ortho","H6976","Bu","46",1,"MS","Serum","06/01/2021","01/15/2021",0,1,"mg/dL","05/05/2008",45,0.34,0.84,0.06
"Ortho","H6976","GLU","6",1,"MS","Serum","07/01/2021","01/15/2021",0,1,"mg/dL","10/05/2007",45,73.4,88.4,2.08
"Ortho","H6976","Na+","27",1,"MS","Serum","07/01/2021","01/15/2021",0,1,"mmol/L","07/29/2004",45,116.4,122.4,1.4
"Ortho","H6976","TBIL","40",1,"MS","Serum","07/01/2021","01/15/2021",0,1,"mg/dL","11/15/2004",45,1.31,1.95,0.08
"Ortho","J6978","ALTV","11-XT",1,"MS","Serum","06/01/2021","01/15/2021",0,2,"U/L","11/20/2019",45,157,187,4.1
"Ortho","J6978","AST","11-XT",1,"MS","Serum","06/01/2021","01/15/2021",0,2,"U/L","11/20/2019",45,149,215,5
"Ortho","J6978","Bc","46",1,"MS","Serum","06/01/2021","01/15/2021",0,2,"mg/dL","05/05/2008",45,3.52,4.52,0.25
"Ortho","J6978","Bu","46",1,"MS","Serum","06/01/2021","01/15/2021",0,2,"mg/dL","05/05/2008",45,9.36,11.06,0.3
"Ortho","J6978","GLU","6",1,"MS","Serum","07/01/2021","01/15/2021",0,2,"mg/dL","10/05/2007",45,271.3,306.3,4.72
"Ortho","J6978","Na+","27",1,"MS","Serum","07/01/2021","01/15/2021",0,2,"mmol/L","07/29/2004",45,138.1,146.1,1.4
"Ortho","J6978","TBIL","40",1,"MS","Serum","07/01/2021","01/15/2021",0,2,"mg/dL","11/15/2004",45,14.86,17.46,0.46
"Ortho","L7425","ALTV","11-XT",1,"MS","Serum","06/01/2021","08/15/2021",0,2,"U/L","11/20/2019",45,152,182,4.1
"Ortho","L7425","AST","11-XT",1,"MS","Serum","06/01/2021","08/15/2021",0,2,"U/L","11/20/2019",45,161,227,5
"Ortho","L7425","Bc","46",1,"MS","Serum","06/01/2021","08/15/2021",0,2,"mg/dL","05/05/2008",45,3.6,4.6,0.25
"Ortho","L7425","Bu","46",1,"MS","Serum","06/01/2021","08/15/2021",0,2,"mg/dL","05/05/2008",45,8,9.7,0.3
"Ortho","L7425","GLU","6",1,"MS","Serum","07/01/2021","08/15/2021",0,2,"mg/dL","10/05/2007",45,268.2,303.2,4.72
"Ortho","L7425","Na+","27",1,"MS","Serum","07/01/2021","08/15/2021",0,2,"mmol/L","07/29/2004",45,139.7,147.7,1.4
"Ortho","L7425","TBIL","40",1,"MS","Serum","07/01/2021","08/15/2021",0,2,"mg/dL","11/15/2004",45,13.9,16.5,0.46
"Ortho","N7648","ALTV","11-XT",1,"MS","Serum","06/01/2021","08/15/2021",0,1,"U/L","11/20/2019",45,19,29,1.5
"Ortho","N7648","AST","11-XT",1,"MS","Serum","06/01/2021","08/15/2021",0,1,"U/L","11/20/2019",45,30,42,1.5
"Ortho","N7648","Bc","46",1,"MS","Serum","06/01/2021","08/15/2021",0,1,"mg/dL","05/05/2008",45,0.21,0.75,0.1
"Ortho","N7648","Bu","46",1,"MS","Serum","06/01/2021","08/15/2021",0,1,"mg/dL","05/05/2008",45,0.39,0.89,0.06
"Ortho","Q7692","AMYL","5",1,"MS","Serum","07/01/2021","11/01/2021",0,2,"U/L","04/22/2010",45,271,355,10.5
"Ortho","Q7692","AMYL","6",1,"MS","Serum","06/01/2021","11/01/2021",0,2,"U/L","07/31/2010",45,273,357,10.5
"Ortho","Q7692","AMYL","83",1,"MS","Serum","02/01/2021","11/01/2021",0,2,"U/L","01/24/2018",45,280,366,10.8
"Ortho","Q7692","AMYL","84",1,"MS","Serum","05/01/2021","11/01/2021",0,2,"U/L","09/09/2019",45,287,373,10.8
"Ortho","Q7692","AST","10-XT",1,"MS","Serum","09/01/2020","11/01/2021",0,2,"U/L","02/22/2019",45,151,217,5
"Ortho","Q7692","AST","11-XT",1,"MS","Serum","06/01/2021","11/01/2021",0,2,"U/L","11/20/2019",45,148,214,5
"Ortho","Q7692","ASTJ","10-XT",1,"MS","Serum","09/01/2020","11/01/2021",0,2,"U/L","02/21/2019",45,133,189,5
"Ortho","Q7692","ASTJ","8",1,"MS","Serum","10/01/2020","11/01/2021",0,2,"U/L","01/05/2018",45,132,188,5
"Ortho","Q7692","ASTJ","9",1,"MS","Serum","06/01/2021","11/01/2021",0,2,"U/L","06/19/2019",45,131,187,5
"Ortho","Q7692","BUN","29",1,"MS","Serum","07/01/2021","11/01/2021",0,2,"mg/dL","09/29/2017",45,48.2,54.2,1.4
"Ortho","Q7692","BUN","31",1,"MS","Serum","07/01/2021","11/01/2021",0,2,"mg/dL","10/07/2019",45,48.4,54.4,1.4
"Ortho","Q7692","BUN","10-XT",1,"MS","Serum","03/01/2020","11/01/2021",0,2,"mg/dL","07/18/2018",45,48.3,54.3,1.4
"Ortho","Q7692","BUN","11-XT",1,"MS","Serum","06/01/2021","11/01/2021",0,2,"mg/dL","06/01/2019",45,47.8,53.8,1.4
"Ortho","Q7692","Bc","34",1,"MS","Serum","02/01/2020","11/01/2021",0,2,"mg/dL","12/11/2006",45,3.03,4.03,0.25
"Ortho","Q7692","Bc","35",1,"MS","Serum","04/01/2020","11/01/2021",0,2,"mg/dL","06/17/2013",45,3.18,4.18,0.25
"Ortho","Q7692","Bc","36",1,"MS","Serum","05/01/2020","11/01/2021",0,2,"mg/dL","05/17/2007",45,3.19,4.19,0.25
"Ortho","Q7692","Bc","37",1,"MS","Serum","07/01/2020","11/01/2021",0,2,"mg/dL","08/13/2007",45,3.13,4.13,0.25
"Ortho","Q7692","Bc","38",1,"MS","Serum","09/01/2020","11/01/2021",0,2,"mg/dL","08/31/2007",45,3.12,4.12,0.25
"Ortho","Q7692","Bc","40",1,"MS","Serum","11/01/2020","11/01/2021",0,2,"mg/dL","10/04/2007",45,3.1,4.1,0.25
"Ortho","Q7692","Bc","41",1,"MS","Serum","12/01/2020","11/01/2021",0,2,"mg/dL","12/01/2007",45,3.05,4.05,0.25
"Ortho","Q7692","Bc","42",1,"MS","Serum","01/01/2021","11/01/2021",0,2,"mg/dL","01/02/2008",45,3.16,4.16,0.25
"Ortho","Q7692","Bc","43",1,"MS","Serum","02/01/2021","11/01/2021",0,2,"mg/dL","02/11/2008",45,3.13,4.13,0.25
"Ortho","Q7692","Bc","44",1,"MS","Serum","04/01/2021","11/01/2021",0,2,"mg/dL","02/25/2008",45,3.31,4.31,0.25
"Ortho","Q7692","Bc","45",1,"MS","Serum","06/01/2021","11/01/2021",0,2,"mg/dL","04/16/2008",45,3.65,4.65,0.25
"Ortho","Q7692","Bc","46",1,"MS","Serum","06/01/2021","11/01/2021",0,2,"mg/dL","05/05/2008",45,3.78,4.78,0.25
"Ortho","Q7692","Bu","34",1,"MS","Serum","02/01/2020","11/01/2021",0,2,"mg/dL","12/11/2006",45,7.79,9.49,0.3
"Ortho","Q7692","Bu","35",1,"MS","Serum","04/01/2020","11/01/2021",0,2,"mg/dL","06/17/2013",45,8.08,9.78,0.3
"Ortho","Q7692","Bu","36",1,"MS","Serum","05/01/2020","11/01/2021",0,2,"mg/dL","05/17/2007",45,8.07,9.77,0.3
"Ortho","Q7692","Bu","37",1,"MS","Serum","07/01/2020","11/01/2021",0,2,"mg/dL","08/13/2007",45,8.01,9.71,0.3
"Ortho","Q7692","Bu","38",1,"MS","Serum","09/01/2020","11/01/2021",0,2,"mg/dL","08/31/2007",45,7.91,9.61,0.3
"Ortho","Q7692","Bu","40",1,"MS","Serum","11/01/2020","11/01/2021",0,2,"mg/dL","10/04/2007",45,7.96,9.66,0.3
"Ortho","Q7692","Bu","41",1,"MS","Serum","12/01/2020","11/01/2021",0,2,"mg/dL","12/03/2007",45,8.21,9.91,0.3
"Ortho","Q7692","Bu","42",1,"MS","Serum","01/01/2021","11/01/2021",0,2,"mg/dL","01/02/2008",45,8.24,9.94,0.3
"Ortho","Q7692","Bu","43",1,"MS","Serum","02/01/2021","11/01/2021",0,2,"mg/dL","02/11/2008",45,8.33,10.03,0.3
"Ortho","Q7692","Bu","44",1,"MS","Serum","04/01/2021","11/01/2021",0,2,"mg/dL","02/25/2008",45,8.19,9.89,0.3
"Ortho","Q7692","Bu","45",1,"MS","Serum","06/01/2021","11/01/2021",0,2,"mg/dL","04/16/2008",45,8.45,10.15,0.3
"Ortho","Q7692","Bu","46",1,"MS","Serum","06/01/2021","11/01/2021",0,2,"mg/dL","05/05/2008",45,8.36,10.06,0.3
"Ortho","Q7692","CHE","4",1,"MS","Serum","02/01/2021","11/01/2021",0,2,"U/mL","10/05/2017",45,5.62,6.62,0.17
"Ortho","Q7692","CHE","5",1,"MS","Serum","07/01/2020","11/01/2021",0,2,"U/mL","07/06/2018",45,5.71,6.71,0.17
"Ortho","Q7692","CHE","6",1,"MS","Serum","05/01/2021","11/01/2021",0,2,"U/mL","02/13/2019",45,5.65,6.65,0.17
"Ortho","Q7692","CHE","86",1,"MS","Serum","02/01/2021","11/01/2021",0,2,"U/mL","11/16/2018",45,0.26,0.3,0.0078
"Ortho","Q7692","CHOL","33",1,"MS","Serum","06/01/2020","11/01/2021",0,2,"mg/dL","11/03/2004",45,215.7,247.7,5.99
"Ortho","Q7692","CHOL","39",1,"MS","Serum","11/01/2020","11/01/2021",0,2,"mg/dL","08/29/2017",45,216.2,248.2,5.99
"Ortho","Q7692","CHOL","43",1,"MS","Serum","07/01/2021","11/01/2021",0,2,"mg/dL","11/05/2007",45,218.6,250.6,5.99
"Ortho","Q7692","CHOL","10-XT",1,"MS","Serum","06/01/2021","11/01/2021",0,2,"mg/dL","08/16/2018",45,224,256,5.99
"Ortho","Q7692","CK","12",1,"MS","Serum","07/01/2021","11/01/2021",0,2,"U/L","07/03/2018",45,623,969,41.7
"Ortho","Q7692","CK","13",1,"MS","Serum","02/01/2020","11/01/2021",0,2,"U/L","07/26/2018",45,624,970,41.7
"Ortho","Q7692","CK","14",1,"MS","Serum","08/01/2020","11/01/2021",0,2,"U/L","02/16/2019",45,630,976,41.7
"Ortho","Q7692","CK","15",1,"MS","Serum","05/01/2021","11/01/2021",0,2,"U/L","10/30/2019",45,625,971,41.7
"Ortho","Q7692","CK","86",1,"MS","Serum","05/01/2021","11/01/2021",0,2,"U/L","07/10/2017",45,683,1029,41.7
"Ortho","Q7692","CK","9",1,"MS","Serum","","11/01/2021",0,2,"U/L","06/23/2017",45,626,972,41.7
"Ortho","Q7692","CREA","16",1,"MS","Serum","02/01/2020","11/01/2021",0,2,"mg/dL","03/28/2018",45,4.98,5.78,0.14
"Ortho","Q7692","CREA","18",1,"MS","Serum","02/01/2020","11/01/2021",0,2,"mg/dL","10/07/2004",45,5.06,5.86,0.14
"Ortho","Q7692","CREA","19",1,"MS","Serum","11/01/2020","11/01/2021",0,2,"mg/dL","11/03/2004",45,5.06,5.86,0.14
"Ortho","Q7692","CREA","20",1,"MS","Serum","05/01/2020","11/01/2021",0,2,"mg/dL","01/04/2005",45,4.9,5.7,0.14
"Ortho","Q7692","CREA","22",1,"MS","Serum","10/01/2020","11/01/2021",0,2,"mg/dL","10/17/2006",45,5.09,5.89,0.14
"Ortho","Q7692","CREA","23",1,"MS","Serum","06/01/2021","11/01/2021",0,2,"mg/dL","12/06/2006",45,5.04,5.84,0.14
"Ortho","Q7692","CREA","25",1,"MS","Serum","01/01/2021","11/01/2021",0,2,"mg/dL","07/29/2004",45,5.14,5.94,0.14
"Ortho","Q7692","CREA","26",1,"MS","Serum","01/01/2021","11/01/2021",0,2,"mg/dL","06/20/2006",45,5.05,5.85,0.14
"Ortho","Q7692","CREA","27",1,"MS","Serum","02/01/2021","11/01/2021",0,2,"mg/dL","10/18/2006",45,5.17,5.97,0.14
"Ortho","Q7692","CREA","29",1,"MS","Serum","05/01/2021","11/01/2021",0,2,"mg/dL","07/29/2004",45,4.99,5.79,0.14
"Ortho","Q7692","CREA","30",1,"MS","Serum","04/01/2021","11/01/2021",0,2,"mg/dL","09/09/2019",45,5.08,5.88,0.14
"Ortho","Q7692","CREA","10-XT",1,"MS","Serum","03/01/2020","11/01/2021",0,2,"mg/dL","07/18/2018",45,4.95,5.75,0.14
"Ortho","Q7692","CREA","11-XT",1,"MS","Serum","06/01/2021","11/01/2021",0,2,"mg/dL","06/01/2019",45,4.98,5.78,0.14
"Ortho","Q7692","Ca","14",1,"MS","Serum","03/01/2020","11/01/2021",0,2,"mg/dL","04/25/2006",45,11.24,12.32,0.26
"Ortho","Q7692","Ca","15",1,"MS","Serum","","11/01/2021",0,2,"mg/dL","06/15/2006",45,11.2,12.28,0.26
"Ortho","Q7692","Ca","16",1,"MS","Serum","","11/01/2021",0,2,"mg/dL","07/27/2006",45,11.36,12.44,0.26
"Ortho","Q7692","Ca","17",1,"MS","Serum","06/01/2020","11/01/2021",0,2,"mg/dL","08/24/2006",45,11.37,12.45,0.26
"Ortho","Q7692","Ca","18",1,"MS","Serum","","11/01/2021",0,2,"mg/dL","10/10/2006",45,11.33,12.41,0.26
"Ortho","Q7692","Ca","27",1,"MS","Serum","09/01/2020","11/01/2021",0,2,"mg/dL","06/18/2007",45,11.3,12.38,0.26
"Ortho","Q7692","Ca","28",1,"MS","Serum","11/01/2020","11/01/2021",0,2,"mg/dL","07/29/2004",45,11.24,12.32,0.26
"Ortho","Q7692","Ca","29",1,"MS","Serum","11/01/2020","11/01/2021",0,2,"mg/dL","07/29/2004",45,11.22,12.3,0.26
"Ortho","Q7692","Ca","30",1,"MS","Serum","01/01/2021","11/01/2021",0,2,"mg/dL","08/13/2007",45,11.28,12.36,0.26
"Ortho","Q7692","Ca","32",1,"MS","Serum","02/01/2021","11/01/2021",0,2,"mg/dL","11/05/2007",45,11.28,12.36,0.26
"Ortho","Q7692","Ca","33",1,"MS","Serum","03/01/2021","11/01/2021",0,2,"mg/dL","07/29/2004",45,11.28,12.36,0.26
"Ortho","Q7692","Ca","34",1,"MS","Serum","04/01/2021","11/01/2021",0,2,"mg/dL","07/29/2004",45,11.34,12.42,0.26
"Ortho","Q7692","Ca","35",1,"MS","Serum","04/01/2021","11/01/2021",0,2,"mg/dL","07/29/2004",45,11.26,12.34,0.26
"Ortho","Q7692","Ca","36",1,"MS","Serum","06/01/2021","11/01/2021",0,2,"mg/dL","07/29/2004",45,11.23,12.31,0.26
"Ortho","Q7692","Ca","37",1,"MS","Serum","07/01/2021","11/01/2021",0,2,"mg/dL","07/29/2004",45,11.29,12.37,0.26
"Ortho","Q7692","Ca","11-XT",1,"MS","Serum","01/01/2021","11/01/2021",0,2,"mg/dL","03/21/2019",45,11.33,12.41,0.26
"Ortho","Q7692","Cl-","10",1,"MS","Serum","07/01/2021","11/01/2021",0,2,"mmol/L","12/02/2016",45,108.5,116.5,1.4
"Ortho","Q7692","Cl-","5",1,"MS","Serum","","11/01/2021",0,2,"mmol/L","09/11/2007",45,108.2,116.2,1.4
"Ortho","Q7692","DGXN","18",1,"MS","Serum","01/15/2020","11/01/2021",0,2,"ng/mL","03/07/2006",45,1.72,2.72,0.17
"Ortho","Q7692","DGXN","19",1,"MS","Serum","05/01/2020","11/01/2021",0,2,"ng/mL","03/27/2006",45,1.72,2.72,0.17
"Ortho","Q7692","ECO2","21",1,"MS","Serum","03/01/2021","11/01/2021",0,2,"mmol/L","08/12/2016",45,10.2,18.2,1
"Ortho","Q7692","ECO2","24",1,"MS","Serum","07/01/2021","11/01/2021",0,2,"mmol/L","10/02/2017",45,10.9,18.9,1
"Ortho","Q7692","Fe","19",1,"MS","Serum","05/01/2020","11/01/2021",0,2,"µg/dL","09/23/2009",45,178,246,8.37
"Ortho","Q7692","Fe","20",1,"MS","Serum","09/01/2020","11/01/2021",0,2,"µg/dL","11/04/2009",45,173.1,241.1,8.37
"Ortho","Q7692","Fe","21",1,"MS","Serum","02/01/2021","11/01/2021",0,2,"µg/dL","02/23/2010",45,170.7,238.7,8.37
"Ortho","Q7692","Fe","22",1,"MS","Serum","06/01/2021","11/01/2021",0,2,"µg/dL","02/26/2010",45,176.5,244.5,8.37
"Ortho","Q7692","Fe","23",1,"MS","Serum","06/01/2021","11/01/2021",0,2,"µg/dL","03/02/2010",45,171.2,239.2,8.37
"Ortho","Q7692","GGT","36",1,"MS","Serum","11/01/2020","11/01/2021",0,2,"U/L","07/29/2004",45,343,471,8.8
"Ortho","Q7692","GGT","40",1,"MS","Serum","05/01/2021","11/01/2021",0,2,"U/L","04/11/2005",45,334,462,8.8
"Ortho","Q7692","GGT","41",1,"MS","Serum","01/01/2021","11/01/2021",0,2,"U/L","07/14/2005",45,328,456,8.8
"Ortho","Q7692","GGT","42",1,"MS","Serum","06/01/2020","11/01/2021",0,2,"U/L","08/29/2005",45,324,452,8.8
"Ortho","Q7692","GGT","43",1,"MS","Serum","04/01/2021","11/01/2021",0,2,"U/L","11/16/2005",45,323,451,8.8
"Ortho","Q7692","GGT","44",1,"MS","Serum","07/01/2021","11/01/2021",0,2,"U/L","05/09/2006",45,319,447,8.8
"Ortho","Q7692","GGT","45",1,"MS","Serum","","11/01/2021",0,2,"U/L","05/22/2006",45,324,452,8.8
"Ortho","Q7692","GGT","94",1,"MS","Serum","05/01/2020","11/01/2021",0,2,"U/L","07/30/2018",45,368,496,8.8
"Ortho","P7690","GGT","43",1,"MS","Serum","04/01/2021","11/01/2021",0,1,"U/L","11/16/2005",45,52,74,1.7
"Ortho","P7690","GGT","44",1,"MS","Serum","07/01/2021","11/01/2021",0,1,"U/L","05/09/2006",45,52,74,1.7
"Ortho","P7690","GGT","45",1,"MS","Serum","","11/01/2021",0,1,"U/L","05/22/2006",45,52,74,1.7
"Ortho","P7690","GGT","94",1,"MS","Serum","05/01/2020","11/01/2021",0,1,"U/L","07/30/2018",45,53,75,1.7
"Ortho","P7690","GGT","95",1,"MS","Serum","04/01/2021","11/01/2021",0,1,"U/L","03/11/2019",45,54,76,1.7
"Ortho","P7690","GGT","96",1,"MS","Serum","","11/01/2021",0,1,"U/L","10/11/2019",45,50,72,1.7
"Ortho","P7690","GLU","2",1,"MS","Serum","05/01/2021","11/01/2021",0,1,"mg/dL","04/04/2007",45,80.6,95.6,2.08
"Ortho","P7690","GLU","45",1,"MS","Serum","04/01/2020","11/01/2021",0,1,"mg/dL","12/08/2006",45,81.5,96.5,2.08
"Ortho","P7690","GLU","46",1,"MS","Serum","03/01/2020","11/01/2021",0,1,"mg/dL","01/17/2007",45,80.9,95.9,2.08
"Ortho","P7690","GLU","47",1,"MS","Serum","08/01/2020","11/01/2021",0,1,"mg/dL","02/13/2007",45,79.9,94.9,2.08
"Ortho","P7690","GLU","48",1,"MS","Serum","04/01/2021","11/01/2021",0,1,"mg/dL","03/14/2007",45,81.2,96.2,2.08
"Ortho","P7690","GLU","49",1,"MS","Serum","04/01/2021","11/01/2021",0,1,"mg/dL","04/05/2007",45,80.4,95.4,2.08
"Ortho","P7690","GLU","5",1,"MS","Serum","05/01/2021","11/01/2021",0,1,"mg/dL","08/29/2007",45,80.2,95.2,2.08
"Ortho","P7690","GLU","6",1,"MS","Serum","07/01/2021","11/01/2021",0,1,"mg/dL","10/05/2007",45,83,98,2.08
"Ortho","P7690","GLU","11-XT",1,"MS","Serum","01/01/2021","11/01/2021",0,1,"mg/dL","03/26/2019",45,82,97,2.08
"Ortho","P7690","K+","2",1,"MS","Serum","","11/01/2021",0,1,"mmol/L","07/29/2004",45,2.67,3.07,0.1
"Ortho","P7690","LAC","30",1,"MS","Serum","","11/01/2021",0,1,"mmol/L","04/30/2013",45,1.12,1.52,0.08
"Ortho","P7690","LAC","32",1,"MS","Serum","07/01/2021","11/01/2021",0,1,"mmol/L","03/21/2019",45,1.1,1.5,0.08
"Ortho","P7690","LDH","1",1,"MS","Serum","03/01/2021","11/01/2021",0,1,"U/L","06/12/2017",45,378,498,16
"Ortho","P7690","LDH","48",1,"MS","Serum","11/01/2022","11/01/2021",0,1,"U/L","12/12/2016",45,372,492,16
"Ortho","P7690","LDH","49",1,"MS","Serum","07/01/2021","11/01/2021",0,1,"U/L","12/20/2016",45,371,491,16
"Ortho","P7690","LDH","53",1,"MS","Serum","01/01/2021","11/01/2021",0,1,"U/L","06/05/2017",45,150,198,6.4
"Ortho","P7690","LDH","54",1,"MS","Serum","07/01/2021","11/01/2021",0,1,"U/L","09/13/2019",45,157,205,6.4
"Ortho","P7690","LDH","85",1,"MS","Serum","05/01/2021","11/01/2021",0,1,"U/L","03/09/2017",45,160,208,6.4
"Ortho","P7690","LIPA","44",1,"MS","Serum","11/01/2020","11/01/2021",0,1,"U/L","07/29/2004",45,142,182,7.6
"Ortho","P7690","LIPA","45",1,"MS","Serum","07/01/2020","11/01/2021",0,1,"U/L","07/29/2004",45,141,181,7.6
"Ortho","P7690","LIPA","46",1,"MS","Serum","06/01/2021","11/01/2021",0,1,"U/L","10/19/2004",45,143,183,7.6
"Ortho","P7690","LIPA","47",1,"MS","Serum","07/01/2021","11/01/2021",0,1,"U/L","01/30/2006",45,139,179,7.6
"Ortho","P7690","LIPA","84",1,"MS","Serum","05/01/2021","11/01/2021",0,1,"U/L","06/06/2018",45,36,44,1.52
"Ortho","P7690","LIPA","85",1,"MS","Serum","01/01/2021","11/01/2021",0,1,"U/L","10/05/2018",45,37,45,1.52
"Ortho","P7690","Li","27",1,"MS","Serum","05/01/2021","11/01/2021",0,1,"mmol/L","02/15/2019",45,0.89,1.29,0.06
"Ortho","P7690","Mg","4",1,"MS","Serum","08/01/2020","11/01/2021",0,1,"mg/dL","11/06/2017",45,1.74,2.14,0.07
"Ortho","P7690","Mg","5",1,"MS","Serum","06/01/2021","11/01/2021",0,1,"mg/dL","01/21/2019",45,1.71,2.11,0.07
"Ortho","P7690","Mg","6",1,"MS","Serum","07/01/2021","11/01/2021",0,1,"mg/dL","04/12/2019",45,1.71,2.11,0.07
"Ortho","P7690","Na+","19",1,"MS","Serum","05/01/2021","11/01/2021",0,1,"mmol/L","01/27/2014",45,114.7,120.7,1.4
"Ortho","P7690","Na+","20",1,"MS","Serum","11/01/2020","11/01/2021",0,1,"mmol/L","01/31/2014",45,114.5,120.5,1.4
"Ortho","P7690","Na+","21",1,"MS","Serum","08/01/2020","11/01/2021",0,1,"mmol/L","02/14/2014",45,114.4,120.4,1.4
"Ortho","P7690","Na+","23",1,"MS","Serum","09/01/2020","11/01/2021",0,1,"mmol/L","07/29/2004",45,114.3,120.3,1.4
"Ortho","P7690","Na+","24",1,"MS","Serum","03/01/2021","11/01/2021",0,1,"mmol/L","06/27/2014",45,114.2,120.2,1.4
"Ortho","P7690","Na+","25",1,"MS","Serum","04/01/2021","11/01/2021",0,1,"mmol/L","07/29/2004",45,113.6,119.6,1.4
"Ortho","P7690","Na+","26",1,"MS","Serum","12/30/2020","11/01/2021",0,1,"mmol/L","10/16/2014",45,113.6,119.6,1.4
"Ortho","P7690","Na+","27",1,"MS","Serum","07/01/2021","11/01/2021",0,1,"mmol/L","07/29/2004",45,113.3,119.3,1.4
"Ortho","P7690","PHOS","48",1,"MS","Serum","12/01/2020","11/01/2021",0,1,"mg/dL","07/16/2018",45,3.05,3.85,0.14
"Ortho","P7690","PHOS","49",1,"MS","Serum","07/01/2021","11/01/2021",0,1,"mg/dL","05/15/2019",45,3.03,3.83,0.14
"Ortho","P7690","PHYT","19",1,"MS","Serum","02/15/2020","11/01/2021",0,1,"µg/mL","05/05/2019",45,10.3,16.1,1
"Ortho","P7690","PHYT","20",1,"MS","Serum","","11/01/2021",0,1,"µg/mL","08/30/2019",45,9.8,15.6,1
"Ortho","P7690","TBIL","30",1,"MS","Serum","02/01/2020","11/01/2021",0,1,"mg/dL","07/29/2004",45,1.39,2.03,0.08
"Ortho","P7690","TBIL","31",1,"MS","Serum","03/01/2020","11/01/2021",0,1,"mg/dL","07/29/2004",45,1.45,2.09,0.08
"Ortho","P7690","TBIL","32",1,"MS","Serum","03/01/2021","11/01/2021",0,1,"mg/dL","07/29/2004",45,1.43,2.07,0.08
"Ortho","P7690","TBIL","33",1,"MS","Serum","05/01/2020","11/01/2021",0,1,"mg/dL","07/29/2004",45,1.29,1.93,0.08
"Ortho","P7690","TBIL","34",1,"MS","Serum","10/01/2020","11/01/2021",0,1,"mg/dL","07/29/2004",45,1.32,1.96,0.08
"Ortho","P7690","TBIL","35",1,"MS","Serum","09/01/2020","11/01/2021",0,1,"mg/dL","07/29/2004",45,1.28,1.92,0.08
"Ortho","P7690","TBIL","36",1,"MS","Serum","12/01/2020","11/01/2021",0,1,"mg/dL","07/29/2004",45,1.32,1.96,0.08
"Ortho","P7690","TBIL","37",1,"MS","Serum","03/01/2021","11/01/2021",0,1,"mg/dL","07/29/2004",45,1.41,2.05,0.08
"Ortho","P7690","TBIL","38",1,"MS","Serum","02/01/2021","11/01/2021",0,1,"mg/dL","08/06/2004",45,1.35,1.99,0.08
"Ortho","P7690","TBIL","39",1,"MS","Serum","05/01/2021","11/01/2021",0,1,"mg/dL","10/05/2004",45,1.36,2,0.08
"Ortho","P7690","TBIL","40",1,"MS","Serum","07/01/2021","11/01/2021",0,1,"mg/dL","11/15/2004",45,1.38,2.02,0.08
"Ortho","P7690","TBIL","10-XT",1,"MS","Serum","12/01/2020","11/01/2021",0,1,"mg/dL","11/13/2018",45,1.19,1.83,0.08
"Ortho","P7690","TBIL","80-XT",1,"MS","Serum","12/01/2020","11/01/2021",0,1,"mg/dL","11/30/2018",45,1.25,1.89,0.08
"Ortho","P7690","THEO","6",1,"MS","Serum","07/01/2021","11/01/2021",0,1,"µg/mL","06/15/2018",45,11.3,15.9,0.68
"Ortho","P7690","TIBC","19",1,"MS","Serum","05/01/2020","11/01/2021",0,1,"µg/dL","09/23/2009",45,277,381,22
"Ortho","P7690","TIBC","20",1,"MS","Serum","09/01/2020","11/01/2021",0,1,"µg/dL","11/04/2009",45,273,377,22
"Ortho","P7690","TIBC","21",1,"MS","Serum","02/01/2021","11/01/2021",0,1,"µg/dL","02/23/2010",45,265,369,22
"Ortho","P7690","TIBC","22",1,"MS","Serum","06/01/2021","11/01/2021",0,1,"µg/dL","02/26/2010",45,257,361,22
"Ortho","P7690","TIBC","23",1,"MS","Serum","06/01/2021","11/01/2021",0,1,"µg/dL","03/05/2010",45,276,380,22
"Ortho","P7690","TP","10",1,"MS","Serum","02/01/2020","11/01/2021",0,1,"g/dL","09/23/2008",45,3.24,4.24,0.15
"Ortho","P7690","TP","11",1,"MS","Serum","09/01/2020","11/01/2021",0,1,"g/dL","04/29/2009",45,3.26,4.26,0.15
"Ortho","P7690","TP","12",1,"MS","Serum","07/01/2021","11/01/2021",0,1,"g/dL","05/07/2009",45,3.35,4.35,0.15
"Ortho","P7690","TP","46",1,"MS","Serum","09/01/2020","11/01/2021",0,1,"g/dL","08/25/2016",45,3.27,4.27,0.15
"Ortho","P7690","TP","49",1,"MS","Serum","04/01/2021","11/01/2021",0,1,"g/dL","09/22/2006",45,3.28,4.28,0.15
"Ortho","P7690","TP","5",1,"MS","Serum","07/01/2021","11/01/2021",0,1,"g/dL","09/29/2007",45,3.2,4.2,0.15
"Ortho","P7690","TP","7",1,"MS","Serum","11/01/2020","11/01/2021",0,1,"g/dL","11/24/2008",45,3.22,4.22,0.15
"Ortho","P7690","TP","8",1,"MS","Serum","02/01/2021","11/01/2021",0,1,"g/dL","03/25/2008",45,3.28,4.28,0.15
"Ortho","P7690","TP","10-XT",1,"MS","Serum","01/01/2021","11/01/2021",0,1,"g/dL","10/17/2018",45,3.28,4.28,0.15
"Ortho","P7690","TP","11-XT",1,"MS","Serum","09/01/2020","11/01/2021",0,1,"g/dL","03/15/2019",45,3.22,4.22,0.15
"Ortho","P7690","TRIG","41",1,"MS","Serum","05/01/2020","11/01/2021",0,1,"mg/dL","01/27/2011",45,110.9,144.9,3
"Ortho","P7690","TRIG","42",1,"MS","Serum","07/01/2021","11/01/2021",0,1,"mg/dL","06/16/2011",45,116.3,150.3,3
"Ortho","P7690","TRIG","43",1,"MS","Serum","04/01/2021","11/01/2021",0,1,"mg/dL","07/19/2012",45,116.3,150.3,3
"Ortho","P7690","TRIG","45",1,"MS","Serum","","11/01/2021",0,1,"mg/dL","07/11/2013",45,112.4,146.4,3
"Ortho","P7690","TRIG","10-XT",1,"MS","Serum","06/01/2021","11/01/2021",0,1,"mg/dL","08/16/2018",45,112.6,146.6,3
"Ortho","P7690","URIC","28",1,"MS","Serum","04/01/2020","11/01/2021",0,1,"mg/dL","10/30/2015",45,3.59,4.19,0.09
"Ortho","P7690","URIC","38",1,"MS","Serum","07/01/2021","11/01/2021",0,1,"mg/dL","09/19/2017",45,3.48,4.08,0.09
"Ortho","P7690","URIC","39",1,"MS","Serum","07/01/2020","11/01/2021",0,1,"mg/dL","10/26/2018",45,3.56,4.16,0.09
"Ortho","P7690","URIC","40",1,"MS","Serum","09/01/2020","11/01/2021",0,1,"mg/dL","01/14/2019",45,3.52,4.12,0.09
"Ortho","P7690","URIC","41",1,"MS","Serum","09/01/2020","11/01/2021",0,1,"mg/dL","03/01/2019",45,3.57,4.17,0.09
"Ortho","P7690","URIC","42",1,"MS","Serum","06/01/2021","11/01/2021",0,1,"mg/dL","03/27/2019",45,3.57,4.17,0.09
"Ortho","P7690","URIC","43",1,"MS","Serum","12/01/2020","11/01/2021",0,1,"mg/dL","03/27/2019",45,3.51,4.11,0.09
"Ortho","P7690","URIC","44",1,"MS","Serum","02/01/2021","11/01/2021",0,1,"mg/dL","04/16/2019",45,3.43,4.03,0.09
"Ortho","P7690","URIC","45",1,"MS","Serum","05/01/2021","11/01/2021",0,1,"mg/dL","06/28/2019",45,3.39,3.99,0.09
"Ortho","P7690","VAST","22",1,"MS","Serum","04/01/2020","11/01/2021",0,1,"U/L","06/25/2015",45,29,41,1.5
"Ortho","P7690","VAST","23",1,"MS","Serum","03/01/2021","11/01/2021",0,1,"U/L","11/16/2015",45,28,40,1.5
"Ortho","P7690","VAST","25",1,"MS","Serum","05/01/2021","11/01/2021",0,1,"U/L","03/07/2019",45,29,41,1.5
"Ortho","P7690","VAST","26",1,"MS","Serum","07/01/2021","11/01/2021",0,1,"U/L","10/30/2019",45,28,40,1.5
"Ortho","P7690","dHDL","10",1,"MS","Serum","11/01/2020","11/01/2021",0,1,"mg/dL","06/18/2007",45,45.3,54.7,1.56
"Ortho","P7690","dHDL","23",1,"MS","Serum","10/01/2020","11/01/2021",0,1,"mg/dL","10/16/2009",45,43.3,52.7,1.56
"Ortho","P7690","dHDL","24",1,"MS","Serum","12/01/2020","11/01/2021",0,1,"mg/dL","10/15/2009",45,44.3,53.7,1.56
"Ortho","P7690","dLDL","30",1,"MT","Serum","08/05/2021","11/01/2021",0,1,"mg/dL","04/01/2019",45,68.4,87.5,3.2
"Ortho","Q7692","ALB","15",1,"MS","Serum","03/01/2020","11/01/2021",0,2,"g/dL","05/11/2016",45,3.43,4.43,0.11
"Ortho","Q7692","ALB","17",1,"MS","Serum","08/01/2020","11/01/2021",0,2,"g/dL","09/21/2006",45,3.43,4.43,0.11
"Ortho","Q7692","ALB","23",1,"MS","Serum","04/01/2020","11/01/2021",0,2,"g/dL","09/27/2012",45,3.49,4.49,0.11
"Ortho","Q7692","ALB","25",1,"MS","Serum","07/01/2020","11/01/2021",0,2,"g/dL","10/19/2018",45,3.37,4.37,0.11
"Ortho","Q7692","ALB","27",1,"MS","Serum","07/01/2021","11/01/2021",0,2,"g/dL","01/08/2019",45,3.5,4.5,0.11
"Ortho","Q7692","ALB","28",1,"MS","Serum","04/01/2021","11/01/2021",0,2,"g/dL","07/29/2004",45,3.43,4.43,0.11
"Ortho","Q7692","ALB","10-XT",1,"MS","Serum","01/01/2021","11/01/2021",0,2,"g/dL","10/17/2018",45,3.5,4.5,0.11
"Ortho","Q7692","ALB","11-XT",1,"MS","Serum","09/01/2020","11/01/2021",0,2,"g/dL","03/15/2019",45,3.45,4.45,0.11
"Ortho","Q7692","ALKP","19",1,"MS","Serum","03/01/2020","11/01/2021",0,2,"U/L","02/02/2018",45,344,588,16
"Ortho","Q7692","ALKP","20",1,"MS","Serum","06/01/2020","11/01/2021",0,2,"U/L","08/27/2018",45,324,568,16
"Ortho","Q7692","ALKP","21",1,"MS","Serum","07/01/2021","11/01/2021",0,2,"U/L","12/10/2018",45,349,593,16
"Ortho","Q7692","ALKP","23",1,"MS","Serum","07/01/2021","11/01/2021",0,2,"U/L","04/15/2019",45,343,587,16
"Ortho","Q7692","ALKP","24",1,"MS","Serum","07/01/2021","11/01/2021",0,2,"U/L","06/19/2019",45,335,579,16
"Ortho","Q7692","ALKP","90",1,"MS","Serum","11/01/2020","11/01/2021",0,2,"U/L","10/16/2018",45,1078,1810,48
"Ortho","Q7692","ALKP","91",1,"MS","Serum","02/01/2021","11/01/2021",0,2,"U/L","04/22/2019",45,1117,1849,48
"Ortho","Q7692","ALKP","10-XT",1,"MS","Serum","12/01/2020","11/01/2021",0,2,"U/L","11/13/2018",45,311,555,16
"Ortho","Q7692","ALKP","80-XT",1,"MS","Serum","12/01/2020","11/01/2021",0,2,"U/L","11/14/2018",45,1021,1753,48
"Ortho","Q7692","ALT","1",1,"MS","Serum","09/01/2020","11/01/2021",0,2,"U/L","11/05/2007",45,182,218,5
"Ortho","Q7692","ALT","2",1,"MS","Serum","07/01/2021","11/01/2021",0,2,"U/L","09/12/2007",45,179,215,5
"Ortho","Q7692","ALT","3",1,"MS","Serum","03/01/2021","11/01/2021",0,2,"U/L","11/17/2007",45,180,216,5
"Ortho","Q7692","ALT","4",1,"MS","Serum","07/01/2021","11/01/2021",0,2,"U/L","12/02/2007",45,179,215,5
"Ortho","Q7692","ALT","46",1,"MS","Serum","06/01/2020","11/01/2021",0,2,"U/L","11/03/2006",45,178,214,5
"Ortho","Q7692","ALT","48",1,"MS","Serum","07/07/2022","11/01/2021",0,2,"U/L","06/04/2007",45,179,215,5
"Ortho","Q7692","ALT","49",1,"MS","Serum","06/01/2020","11/01/2021",0,2,"U/L","02/26/2007",45,180,216,5
"Ortho","Q7692","ALT2","10-XT",1,"MS","Serum","09/01/2020","11/01/2021",0,2,"U/L","02/21/2019",45,151,185,4.4
"Ortho","Q7692","ALT2","2",1,"MS","Serum","01/01/2021","11/01/2021",0,2,"U/L","08/14/2018",45,164,198,4.4
"Ortho","Q7692","ALTV","3",1,"MS","Serum","09/01/2020","11/01/2021",0,2,"U/L","01/21/2019",45,175,205,4.1
"Ortho","Q7692","ALTV","10-XT",1,"MS","Serum","09/01/2020","11/01/2021",0,2,"U/L","02/22/2019",45,165,195,4.1
"Ortho","Q7692","ALTV","11-XT",1,"MS","Serum","06/01/2021","11/01/2021",0,2,"U/L","11/20/2019",45,166,196,4.1
"Ortho","Q7692","AMYL","2",1,"MS","Serum","09/01/2020","11/01/2021",0,2,"U/L","10/13/2009",45,275,359,10.5
"Ortho","Q7692","AMYL","3",1,"MS","Serum","02/01/2021","11/01/2021",0,2,"U/L","10/13/2009",45,264,348,10.5
"Ortho","Q7692","AMYL","47",1,"MS","Serum","02/01/2020","11/01/2021",0,2,"U/L","02/17/2009",45,257,341,10.5
"Ortho","Q7692","AMYL","48",1,"MS","Serum","04/01/2020","11/01/2021",0,2,"U/L","03/06/2009",45,271,355,10.5
"Ortho","Q7692","AMYL","49",1,"MS","Serum","05/01/2020","11/01/2021",0,2,"U/L","05/04/2009",45,267,351,10.5
"Ortho","Q7692","GGT","95",1,"MS","Serum","04/01/2021","11/01/2021",0,2,"U/L","03/11/2019",45,379,507,8.8
"Ortho","Q7692","GGT","96",1,"MS","Serum","","11/01/2021",0,2,"U/L","10/11/2019",45,366,494,8.8
"Ortho","Q7692","GLU","2",1,"MS","Serum","05/01/2021","11/01/2021",0,2,"mg/dL","04/04/2007",45,277.5,312.5,4.72
"Ortho","Q7692","GLU","45",1,"MS","Serum","04/01/2020","11/01/2021",0,2,"mg/dL","12/08/2006",45,273.2,308.2,4.72
"Ortho","Q7692","GLU","46",1,"MS","Serum","03/01/2020","11/01/2021",0,2,"mg/dL","01/17/2007",45,270.7,305.7,4.72
"Ortho","Q7692","GLU","47",1,"MS","Serum","08/01/2020","11/01/2021",0,2,"mg/dL","02/13/2007",45,275.6,310.6,4.72
"Ortho","Q7692","GLU","48",1,"MS","Serum","04/01/2021","11/01/2021",0,2,"mg/dL","03/14/2007",45,278,313,4.72
"Ortho","Q7692","GLU","49",1,"MS","Serum","04/01/2021","11/01/2021",0,2,"mg/dL","04/05/2007",45,278.9,313.9,4.72
"Ortho","Q7692","GLU","5",1,"MS","Serum","05/01/2021","11/01/2021",0,2,"mg/dL","08/29/2007",45,281.6,316.6,4.72
"Ortho","Q7692","GLU","6",1,"MS","Serum","07/01/2021","11/01/2021",0,2,"mg/dL","10/05/2007",45,276.5,311.5,4.72
"Ortho","Q7692","GLU","11-XT",1,"MS","Serum","01/01/2021","11/01/2021",0,2,"mg/dL","03/26/2019",45,279.6,314.6,4.72
"Ortho","Q7692","K+","2",1,"MS","Serum","","11/01/2021",0,2,"mmol/L","07/29/2004",45,4.99,5.59,0.16
"Ortho","Q7692","LAC","30",1,"MS","Serum","","11/01/2021",0,2,"mmol/L","04/30/2013",45,3.4,4,0.21
"Ortho","Q7692","LAC","32",1,"MS","Serum","07/01/2021","11/01/2021",0,2,"mmol/L","03/21/2019",45,3.38,3.98,0.21
"Ortho","Q7692","LDH","1",1,"MS","Serum","03/01/2021","11/01/2021",0,2,"U/L","06/12/2017",45,1269,1519,31.3
"Ortho","Q7692","LDH","48",1,"MS","Serum","11/01/2022","11/01/2021",0,2,"U/L","12/12/2016",45,1316,1566,31.3
"Ortho","Q7692","LDH","49",1,"MS","Serum","07/01/2021","11/01/2021",0,2,"U/L","12/20/2016",45,1317,1567,31.3
"Ortho","Q7692","LDH","53",1,"MS","Serum","01/01/2021","11/01/2021",0,2,"U/L","06/05/2017",45,526,626,12.52
"Ortho","Q7692","LDH","54",1,"MS","Serum","07/01/2021","11/01/2021",0,2,"U/L","09/13/2019",45,552,652,12.52
"Ortho","Q7692","LDH","85",1,"MS","Serum","05/01/2021","11/01/2021",0,2,"U/L","03/09/2017",45,537,637,12.52
"Ortho","Q7692","LIPA","44",1,"MS","Serum","11/01/2020","11/01/2021",0,2,"U/L","07/29/2004",45,596,728,14.2
"Ortho","Q7692","LIPA","45",1,"MS","Serum","07/01/2020","11/01/2021",0,2,"U/L","07/29/2004",45,601,733,14.2
"Ortho","Q7692","LIPA","46",1,"MS","Serum","06/01/2021","11/01/2021",0,2,"U/L","10/19/2004",45,607,739,14.2
"Ortho","Q7692","LIPA","47",1,"MS","Serum","07/01/2021","11/01/2021",0,2,"U/L","01/30/2006",45,596,728,14.2
"Ortho","Q7692","LIPA","84",1,"MS","Serum","05/01/2021","11/01/2021",0,2,"U/L","06/06/2018",45,133,159,2.84
"Ortho","Q7692","LIPA","85",1,"MS","Serum","01/01/2021","11/01/2021",0,2,"U/L","10/05/2018",45,136,162,2.84
"Ortho","Q7692","Li","27",1,"MS","Serum","05/01/2021","11/01/2021",0,2,"mmol/L","02/15/2019",45,2.25,2.85,0.08
"Ortho","Q7692","Mg","4",1,"MS","Serum","08/01/2020","11/01/2021",0,2,"mg/dL","11/06/2017",45,3.86,4.86,0.1
"Ortho","Q7692","Mg","5",1,"MS","Serum","06/01/2021","11/01/2021",0,2,"mg/dL","01/21/2019",45,3.8,4.8,0.1
"Ortho","Q7692","Mg","6",1,"MS","Serum","07/01/2021","11/01/2021",0,2,"mg/dL","04/12/2019",45,3.82,4.82,0.1
"Ortho","Q7692","Na+","19",1,"MS","Serum","05/01/2021","11/01/2021",0,2,"mmol/L","01/27/2014",45,139.3,147.3,1.4
"Ortho","Q7692","Na+","20",1,"MS","Serum","11/01/2020","11/01/2021",0,2,"mmol/L","01/31/2014",45,139.1,147.1,1.4
"Ortho","Q7692","Na+","21",1,"MS","Serum","08/01/2020","11/01/2021",0,2,"mmol/L","02/14/2014",45,139.4,147.4,1.4
"Ortho","Q7692","Na+","23",1,"MS","Serum","09/01/2020","11/01/2021",0,2,"mmol/L","07/29/2004",45,138.7,146.7,1.4
"Ortho","Q7692","Na+","24",1,"MS","Serum","03/01/2021","11/01/2021",0,2,"mmol/L","06/27/2014",45,138.9,146.9,1.4
"Ortho","Q7692","Na+","25",1,"MS","Serum","04/01/2021","11/01/2021",0,2,"mmol/L","07/29/2004",45,138.1,146.1,1.4
"Ortho","Q7692","Na+","26",1,"MS","Serum","12/30/2020","11/01/2021",0,2,"mmol/L","10/16/2014",45,138.4,146.4,1.4
"Ortho","Q7692","Na+","27",1,"MS","Serum","07/01/2021","11/01/2021",0,2,"mmol/L","07/29/2004",45,137.3,145.3,1.4
"Ortho","Q7692","PHOS","48",1,"MS","Serum","12/01/2020","11/01/2021",0,2,"mg/dL","07/16/2018",45,6.16,7.76,0.23
"Ortho","Q7692","PHOS","49",1,"MS","Serum","07/01/2021","11/01/2021",0,2,"mg/dL","05/15/2019",45,6.08,7.68,0.23
"Ortho","Q7692","PHYT","19",1,"MS","Serum","02/15/2020","11/01/2021",0,2,"µg/mL","05/05/2019",45,15.1,23.9,1.5
"Ortho","Q7692","PHYT","20",1,"MS","Serum","","11/01/2021",0,2,"µg/mL","08/30/2019",45,14.8,23.6,1.5
"Ortho","Q7692","TBIL","30",1,"MS","Serum","02/01/2020","11/01/2021",0,2,"mg/dL","07/29/2004",45,14.31,16.91,0.46
"Ortho","Q7692","TBIL","31",1,"MS","Serum","03/01/2020","11/01/2021",0,2,"mg/dL","07/29/2004",45,14.49,17.09,0.46
"Ortho","Q7692","TBIL","32",1,"MS","Serum","03/01/2021","11/01/2021",0,2,"mg/dL","07/29/2004",45,14.51,17.11,0.46
"Ortho","Q7692","TBIL","33",1,"MS","Serum","05/01/2020","11/01/2021",0,2,"mg/dL","07/29/2004",45,13.79,16.39,0.46
"Ortho","Q7692","TBIL","34",1,"MS","Serum","10/01/2020","11/01/2021",0,2,"mg/dL","07/29/2004",45,13.67,16.27,0.46
"Ortho","Q7692","TBIL","35",1,"MS","Serum","09/01/2020","11/01/2021",0,2,"mg/dL","07/29/2004",45,13.62,16.22,0.46
"Ortho","Q7692","TBIL","36",1,"MS","Serum","12/01/2020","11/01/2021",0,2,"mg/dL","07/29/2004",45,13.87,16.47,0.46
"Ortho","Q7692","TBIL","37",1,"MS","Serum","03/01/2021","11/01/2021",0,2,"mg/dL","07/29/2004",45,13.98,16.58,0.46
"Ortho","Q7692","TBIL","38",1,"MS","Serum","02/01/2021","11/01/2021",0,2,"mg/dL","08/06/2004",45,13.85,16.45,0.46
"Ortho","Q7692","TBIL","39",1,"MS","Serum","05/01/2021","11/01/2021",0,2,"mg/dL","10/05/2004",45,13.7,16.3,0.46
"Ortho","Q7692","TBIL","40",1,"MS","Serum","07/01/2021","11/01/2021",0,2,"mg/dL","11/15/2004",45,13.82,16.42,0.46
"Ortho","Q7692","TBIL","10-XT",1,"MS","Serum","12/01/2020","11/01/2021",0,2,"mg/dL","11/13/2018",45,13.8,16.4,0.46
"Ortho","Q7692","TBIL","80-XT",1,"MS","Serum","12/01/2020","11/01/2021",0,2,"mg/dL","11/30/2018",45,13.98,16.58,0.46
"Ortho","Q7692","THEO","6",1,"MS","Serum","07/01/2021","11/01/2021",0,2,"µg/mL","06/15/2018",45,17.7,23.7,0.88
"Ortho","Q7692","TIBC","19",1,"MS","Serum","05/01/2020","11/01/2021",0,2,"µg/dL","09/23/2009",45,374,552,27.8
"Ortho","Q7692","TIBC","20",1,"MS","Serum","09/01/2020","11/01/2021",0,2,"µg/dL","11/04/2009",45,371,549,27.8
"Ortho","Q7692","TIBC","21",1,"MS","Serum","02/01/2021","11/01/2021",0,2,"µg/dL","02/23/2010",45,370,548,27.8
"Ortho","Q7692","TIBC","22",1,"MS","Serum","06/01/2021","11/01/2021",0,2,"µg/dL","02/26/2010",45,364,542,27.8
"Ortho","Q7692","TIBC","23",1,"MS","Serum","06/01/2021","11/01/2021",0,2,"µg/dL","03/05/2010",45,381,559,27.8
"Ortho","Q7692","TP","10",1,"MS","Serum","02/01/2020","11/01/2021",0,2,"g/dL","09/23/2008",45,5.67,6.67,0.17
"Ortho","Q7692","TP","11",1,"MS","Serum","09/01/2020","11/01/2021",0,2,"g/dL","04/29/2009",45,5.7,6.7,0.17
"Ortho","Q7692","TP","12",1,"MS","Serum","07/01/2021","11/01/2021",0,2,"g/dL","05/07/2009",45,5.77,6.77,0.17
"Ortho","Q7692","TP","46",1,"MS","Serum","09/01/2020","11/01/2021",0,2,"g/dL","08/25/2016",45,5.73,6.73,0.17
"Ortho","Q7692","TP","49",1,"MS","Serum","04/01/2021","11/01/2021",0,2,"g/dL","09/22/2006",45,5.73,6.73,0.17
"Ortho","Q7692","TP","5",1,"MS","Serum","07/01/2021","11/01/2021",0,2,"g/dL","09/29/2007",45,5.63,6.63,0.17
"Ortho","Q7692","TP","7",1,"MS","Serum","11/01/2020","11/01/2021",0,2,"g/dL","11/24/2008",45,5.73,6.73,0.17
"Ortho","Q7692","TP","8",1,"MS","Serum","02/01/2021","11/01/2021",0,2,"g/dL","03/25/2008",45,5.77,6.77,0.17
"Ortho","Q7692","TP","10-XT",1,"MS","Serum","01/01/2021","11/01/2021",0,2,"g/dL","10/17/2018",45,5.7,6.7,0.17
"Ortho","Q7692","TP","11-XT",1,"MS","Serum","09/01/2020","11/01/2021",0,2,"g/dL","03/15/2019",45,5.65,6.65,0.17
"Ortho","Q7692","TRIG","41",1,"MS","Serum","05/01/2020","11/01/2021",0,2,"mg/dL","01/27/2011",45,214.2,268.2,6.3
"Ortho","Q7692","TRIG","42",1,"MS","Serum","07/01/2021","11/01/2021",0,2,"mg/dL","06/16/2011",45,226.4,280.4,6.3
"Ortho","Q7692","TRIG","43",1,"MS","Serum","04/01/2021","11/01/2021",0,2,"mg/dL","07/19/2012",45,230,284,6.3
"Ortho","Q7692","TRIG","45",1,"MS","Serum","","11/01/2021",0,2,"mg/dL","07/11/2013",45,225.4,279.4,6.3
"Ortho","Q7692","TRIG","10-XT",1,"MS","Serum","06/01/2021","11/01/2021",0,2,"mg/dL","08/16/2018",45,226.6,280.6,6.3
"Ortho","Q7692","URIC","28",1,"MS","Serum","04/01/2020","11/01/2021",0,2,"mg/dL","10/30/2015",45,9.91,10.91,0.22
"Ortho","Q7692","URIC","38",1,"MS","Serum","07/01/2021","11/01/2021",0,2,"mg/dL","09/19/2017",45,9.75,10.75,0.22
"Ortho","Q7692","URIC","39",1,"MS","Serum","07/01/2020","11/01/2021",0,2,"mg/dL","10/26/2018",45,9.89,10.89,0.22
"Ortho","Q7692","URIC","40",1,"MS","Serum","09/01/2020","11/01/2021",0,2,"mg/dL","01/14/2019",45,9.91,10.91,0.22
"Ortho","Q7692","URIC","41",1,"MS","Serum","09/01/2020","11/01/2021",0,2,"mg/dL","03/01/2019",45,10.11,11.11,0.22
"Ortho","Q7692","URIC","42",1,"MS","Serum","06/01/2021","11/01/2021",0,2,"mg/dL","03/27/2019",45,10.15,11.15,0.22
"Ortho","Q7692","URIC","43",1,"MS","Serum","12/01/2020","11/01/2021",0,2,"mg/dL","03/27/2019",45,9.99,10.99,0.22
"Ortho","Q7692","URIC","44",1,"MS","Serum","02/01/2021","11/01/2021",0,2,"mg/dL","04/16/2019",45,9.78,10.78,0.22
"Ortho","Q7692","URIC","45",1,"MS","Serum","05/01/2021","11/01/2021",0,2,"mg/dL","06/28/2019",45,9.75,10.75,0.22
"Ortho","Q7692","VAST","22",1,"MS","Serum","04/01/2020","11/01/2021",0,2,"U/L","06/25/2015",45,147,213,5
"Ortho","Q7692","VAST","23",1,"MS","Serum","03/01/2021","11/01/2021",0,2,"U/L","11/16/2015",45,145,211,5
"Ortho","Q7692","VAST","25",1,"MS","Serum","05/01/2021","11/01/2021",0,2,"U/L","03/07/2019",45,148,214,5
"Ortho","Q7692","VAST","26",1,"MS","Serum","07/01/2021","11/01/2021",0,2,"U/L","10/30/2019",45,145,211,5
"Ortho","Q7692","dHDL","10",1,"MS","Serum","11/01/2020","11/01/2021",0,2,"mg/dL","06/18/2007",45,52.4,66,2.35
"Ortho","Q7692","dHDL","23",1,"MS","Serum","10/01/2020","11/01/2021",0,2,"mg/dL","10/16/2009",45,50.2,63.8,2.35
"Ortho","Q7692","dHDL","24",1,"MS","Serum","12/01/2020","11/01/2021",0,2,"mg/dL","10/15/2009",45,51.8,65.4,2.35
"Ortho","Q7692","dLDL","30",1,"MT","Serum","08/05/2021","11/01/2021",0,2,"mg/dL","04/01/2019",45,99.8,130.6,5.6
